Run,ReleaseDate,LoadDate,spots,bases,spots_with_mates,avgLength,size_MB,AssemblyName,download_path,Experiment,LibraryName,LibraryStrategy,LibrarySelection,LibrarySource,LibraryLayout,InsertSize,InsertDev,Platform,Model,SRAStudy,BioProject,Study_Pubmed_id,ProjectID,Sample,BioSample,SampleType,TaxID,ScientificName,SampleName,g1k_pop_code,source,g1k_analysis_group,Subject_ID,Sex,Disease,Tumor,Affection_Status,Analyte_Type,Histological_Type,Body_Site,CenterName,Submission,dbgap_study_accession,Consent,RunHash,ReadHash
ERR9745894,2023-10-10 08:48:59,2023-10-12 03:55:19,1250237,356487331,1250237,285,90,,https://sra-downloadb.be-md.ncbi.nlm.nih.gov/sos1/sra-pub-zq-38/ERR009/9745/ERR9745894/ERR9745894.lite.1,ERX9293874,,OTHER,RANDOM,GENOMIC,PAIRED,0,0,ILLUMINA,NextSeq 500,ERP132388,PRJEB48068,,1027201,ERS12014393,SAMEA14409614,simple,562,Escherichia coli,311312DL181_isolate,,,,,,,no,,,,,LOUGHBOROUGH UNIVERSITY,ERA14491475,,public,BDE180EB0CC8F22816FFEACFB951970D,3D6C4B78CF6570B7AFF636733F6D4BBC
ERR9752563,2023-10-10 08:39:39,2023-10-12 03:39:03,2131941,606630460,2131941,284,155,,https://sra-downloadb.be-md.ncbi.nlm.nih.gov/sos1/sra-pub-zq-38/ERR009/9752/ERR9752563/ERR9752563.lite.1,ERX9300410,,OTHER,RANDOM,GENOMIC,PAIRED,0,0,ILLUMINA,NextSeq 500,ERP132388,PRJEB48068,,1027201,ERS12014388,SAMEA14409609,simple,562,Escherichia coli,311012DL164_isolate,,,,,,,no,,,,,LOUGHBOROUGH UNIVERSITY,ERA14546883,,public,454AE69436C2A995D5C5A19B30B344C7,CEFC3D4B17F5ADF44209E137534707AE
ERR9743489,2023-10-10 08:39:39,2023-10-12 03:39:25,1555456,438010980,1555456,281,111,,https://sra-downloadb.be-md.ncbi.nlm.nih.gov/sos1/sra-pub-zq-38/ERR009/9743/ERR9743489/ERR9743489.lite.1,ERX9291962,,OTHER,RANDOM,GENOMIC,PAIRED,0,0,ILLUMINA,NextSeq 500,ERP132388,PRJEB48068,,1027201,ERS12014462,SAMEA14409683,simple,562,Escherichia coli,311311DL069_isolate,,,,,,,no,,,,,LOUGHBOROUGH UNIVERSITY,ERA14454874,,public,53223AC9B7A994EFC0C15AEB7A762815,C6ED548C060FB215909B18DBC37C801F
ERR9743430,2023-10-10 15:50:20,2023-10-12 05:02:58,1562532,440774701,1562532,282,111,,https://sra-downloadb.be-md.ncbi.nlm.nih.gov/sos1/sra-pub-zq-38/ERR009/9743/ERR9743430/ERR9743430.lite.1,ERX9291903,,OTHER,RANDOM,GENOMIC,PAIRED,0,0,ILLUMINA,NextSeq 500,ERP132388,PRJEB48068,,1027201,ERS12014462,SAMEA14409683,simple,562,Escherichia coli,311311DL069_isolate,,,,,,,no,,,,,LOUGHBOROUGH UNIVERSITY,ERA14454790,,public,A9F1DCCF53EE282437428C9EB20C51DB,49E5AC6F4B23B7A1124531A7B53DBC2E
ERR9743429,2023-10-10 16:12:07,2023-10-12 08:50:44,1572175,442140134,1572175,281,112,,https://sra-downloadb.be-md.ncbi.nlm.nih.gov/sos1/sra-pub-zq-38/ERR009/9743/ERR9743429/ERR9743429.lite.1,ERX9291902,,OTHER,RANDOM,GENOMIC,PAIRED,0,0,ILLUMINA,NextSeq 500,ERP132388,PRJEB48068,,1027201,ERS12014462,SAMEA14409683,simple,562,Escherichia coli,311311DL069_isolate,,,,,,,no,,,,,LOUGHBOROUGH UNIVERSITY,ERA14454731,,public,293C94486F2E0BC401CE3136E726681C,A7205A856F6CC3F227961F1BC0F996F6
ERR9744412,2023-10-10 08:39:39,2023-10-12 03:42:17,1688559,472548582,1688559,279,119,,https://sra-downloadb.be-md.ncbi.nlm.nih.gov/sos1/sra-pub-zq-38/ERR009/9744/ERR9744412/ERR9744412.lite.1,ERX9292850,,OTHER,RANDOM,GENOMIC,PAIRED,0,0,ILLUMINA,NextSeq 500,ERP132388,PRJEB48068,,1027201,ERS12014437,SAMEA14409658,simple,562,Escherichia coli,12611TR016_isolate,,,,,,,no,,,,,LOUGHBOROUGH UNIVERSITY,ERA14461750,,public,4FDEF32871FC250BC8BA78FC97D886FC,7322C9B1AE7CC5938C6304835F9478B3
ERR9752728,2023-10-10 08:39:39,2023-10-12 03:50:51,3000605,855461618,3000605,285,218,,https://sra-downloadb.be-md.ncbi.nlm.nih.gov/sos1/sra-pub-zq-38/ERR009/9752/ERR9752728/ERR9752728.lite.1,ERX9300575,,OTHER,RANDOM,GENOMIC,PAIRED,0,0,ILLUMINA,NextSeq 500,ERP132388,PRJEB48068,,1027201,ERS12014354,SAMEA14409575,simple,562,Escherichia coli,11612TR104_isolate,,,,,,,no,,,,,LOUGHBOROUGH UNIVERSITY,ERA14556681,,public,B2686DFCA67FBC1776EADFFEC0C9E8E6,D7C7B4778949D2057C55B62A46C30178
ERR9970950,2023-10-10 08:39:39,2023-10-12 03:40:55,1105464,324311143,1105464,293,81,,https://sra-downloadb.be-md.ncbi.nlm.nih.gov/sos1/sra-pub-zq-38/ERR009/9970/ERR9970950/ERR9970950.lite.1,ERX9511958,,OTHER,RANDOM,GENOMIC,PAIRED,0,0,ILLUMINA,NextSeq 500,ERP132388,PRJEB48068,,1027201,ERS12468010,SAMEA110369813,simple,562,Escherichia coli,31712DL165_isolate,,,,,,,no,,,,,LOUGHBOROUGH UNIVERSITY,ERA16480869,,public,439B6C0E21FD727CE5425BB53F221E28,86FFFD3E60619DCE18DCFA9C2384C3E1
ERR9744344,2023-10-10 16:26:59,2023-10-12 08:59:45,1262776,357417605,1262776,283,90,,https://sra-downloadb.be-md.ncbi.nlm.nih.gov/sos1/sra-pub-zq-38/ERR009/9744/ERR9744344/ERR9744344.lite.1,ERX9292816,,OTHER,RANDOM,GENOMIC,PAIRED,0,0,ILLUMINA,NextSeq 500,ERP132388,PRJEB48068,,1027201,ERS12014441,SAMEA14409662,simple,562,Escherichia coli,211011TF029_isolate,,,,,,,no,,,,,LOUGHBOROUGH UNIVERSITY,ERA14459376,,public,C38C64FFB3773B02F4262FCABD234172,4585C2CFACCB1C505AE9A5F5CD65CB9B
ERR9752561,2023-10-10 16:07:00,2023-10-12 05:48:10,2958954,850076850,2958954,287,215,,https://sra-downloadb.be-md.ncbi.nlm.nih.gov/sos1/sra-pub-zq-38/ERR009/9752/ERR9752561/ERR9752561.lite.1,ERX9300408,,OTHER,RANDOM,GENOMIC,PAIRED,0,0,ILLUMINA,NextSeq 500,ERP132388,PRJEB48068,,1027201,ERS12014362,SAMEA14409583,simple,562,Escherichia coli,121112TR113_isolate,,,,,,,no,,,,,LOUGHBOROUGH UNIVERSITY,ERA14546879,,public,B486CC9735B14B307F777DAE04405C7E,1DE2C3197F883C0D22BB83959A4BDA66
ERR9745886,2023-10-10 16:12:07,2023-10-12 07:21:52,1353461,387847827,1353461,286,98,,https://sra-downloadb.be-md.ncbi.nlm.nih.gov/sos1/sra-pub-zq-38/ERR009/9745/ERR9745886/ERR9745886.lite.1,ERX9293866,,OTHER,RANDOM,GENOMIC,PAIRED,0,0,ILLUMINA,NextSeq 500,ERP132388,PRJEB48068,,1027201,ERS12014371,SAMEA14409592,simple,562,Escherichia coli,211012TF125_isolate,,,,,,,no,,,,,LOUGHBOROUGH UNIVERSITY,ERA14490248,,public,BE5FB9C0B590B8880B09F52CF3126098,36E616AAA6F5E75DA96AEDD051397142
ERR9744336,2023-10-10 16:07:00,2023-10-12 05:47:36,1724212,483788659,1724212,280,122,,https://sra-downloadb.be-md.ncbi.nlm.nih.gov/sos1/sra-pub-zq-38/ERR009/9744/ERR9744336/ERR9744336.lite.1,ERX9292808,,OTHER,RANDOM,GENOMIC,PAIRED,0,0,ILLUMINA,NextSeq 500,ERP132388,PRJEB48068,,1027201,ERS12014448,SAMEA14409669,simple,562,Escherichia coli,21511TF029_isolate,,,,,,,no,,,,,LOUGHBOROUGH UNIVERSITY,ERA14458402,,public,72AD11D01601916D6BE818D505B32D55,112084731D4D9D954252F47DCA59EA3C
ERR9744338,2023-10-10 16:26:59,2023-10-12 09:00:14,1719334,481903123,1719334,280,122,,https://sra-downloadb.be-md.ncbi.nlm.nih.gov/sos1/sra-pub-zq-38/ERR009/9744/ERR9744338/ERR9744338.lite.1,ERX9292810,,OTHER,RANDOM,GENOMIC,PAIRED,0,0,ILLUMINA,NextSeq 500,ERP132388,PRJEB48068,,1027201,ERS12014448,SAMEA14409669,simple,562,Escherichia coli,21511TF029_isolate,,,,,,,no,,,,,LOUGHBOROUGH UNIVERSITY,ERA14458776,,public,8505586B07ED21AB3116CC04EB02A982,A3964706A72CB021DAC617C5DEDDCED0
ERR9745911,2023-10-10 16:12:07,2023-10-12 06:43:58,1483086,421020155,1483086,283,106,,https://sra-downloadb.be-md.ncbi.nlm.nih.gov/sos1/sra-pub-zq-38/ERR009/9745/ERR9745911/ERR9745911.lite.1,ERX9293891,,OTHER,RANDOM,GENOMIC,PAIRED,0,0,ILLUMINA,NextSeq 500,ERP132388,PRJEB48068,,1027201,ERS12014396,SAMEA14409617,simple,562,Escherichia coli,311312DL188_isolate,,,,,,,no,,,,,LOUGHBOROUGH UNIVERSITY,ERA14493492,,public,31286E8224E3BABCB24600EFAE8863D0,4F72545F13BDD7FC99B6B736430C9B95
ERR9752718,2023-10-10 16:12:07,2023-10-12 07:16:08,2538625,724174159,2538625,285,184,,https://sra-downloadb.be-md.ncbi.nlm.nih.gov/sos1/sra-pub-zq-38/ERR009/9752/ERR9752718/ERR9752718.lite.1,ERX9300565,,OTHER,RANDOM,GENOMIC,PAIRED,0,0,ILLUMINA,NextSeq 500,ERP132388,PRJEB48068,,1027201,ERS12014427,SAMEA14409648,simple,562,Escherichia coli,121111TR016_isolate,,,,,,,no,,,,,LOUGHBOROUGH UNIVERSITY,ERA14555861,,public,CC08C081EC0F883C73A2144899161A06,70063AC75D4B48161E0C634466868EF2
ERR9744463,2023-10-10 16:12:07,2023-10-12 06:40:18,1485970,420266922,1485970,282,106,,https://sra-downloadb.be-md.ncbi.nlm.nih.gov/sos1/sra-pub-zq-38/ERR009/9744/ERR9744463/ERR9744463.lite.1,ERX9292953,,OTHER,RANDOM,GENOMIC,PAIRED,0,0,ILLUMINA,NextSeq 500,ERP132388,PRJEB48068,,1027201,ERS12014444,SAMEA14409665,simple,562,Escherichia coli,21411TF025_isolate,,,,,,,no,,,,,LOUGHBOROUGH UNIVERSITY,ERA14464544,,public,7D22DF2C2A995ED6D5A5A97BBC68C9ED,50563CF4E906CFCB8A601367FE79931D
ERR9751993,2023-10-10 16:12:07,2023-10-12 06:42:08,4993912,1457823677,4993912,291,368,,https://sra-downloadb.be-md.ncbi.nlm.nih.gov/sos1/sra-pub-zq-38/ERR009/9751/ERR9751993/ERR9751993.lite.1,ERX9299840,,OTHER,RANDOM,GENOMIC,PAIRED,0,0,ILLUMINA,NextSeq 500,ERP132388,PRJEB48068,,1027201,ERS12014410,SAMEA14409631,simple,562,Escherichia coli,31912DL164_isolate,,,,,,,no,,,,,LOUGHBOROUGH UNIVERSITY,ERA14543594,,public,1013C29BBEB0818FD83BE6F7CCD024DD,E4952F01FCBC484655E90BA67D60B6C6
ERR9752660,2023-10-10 16:12:07,2023-10-12 06:31:59,3549668,1011689354,3549668,285,257,,https://sra-downloadb.be-md.ncbi.nlm.nih.gov/sos1/sra-pub-zq-38/ERR009/9752/ERR9752660/ERR9752660.lite.1,ERX9300507,,OTHER,RANDOM,GENOMIC,PAIRED,0,0,ILLUMINA,NextSeq 500,ERP132388,PRJEB48068,,1027201,ERS12014467,SAMEA14409688,simple,562,Escherichia coli,31411DL070_isolate,,,,,,,no,,,,,LOUGHBOROUGH UNIVERSITY,ERA14551355,,public,D3F800D1B503D4B3655B58173C221685,FD3FAA7E54CD16E5C266151EB27F26E6
ERR9745010,2023-10-10 08:39:39,2023-10-12 03:39:07,1233662,349758279,1233662,283,88,,https://sra-downloadb.be-md.ncbi.nlm.nih.gov/sos1/sra-pub-zq-38/ERR009/9745/ERR9745010/ERR9745010.lite.1,ERX9293500,,OTHER,RANDOM,GENOMIC,PAIRED,0,0,ILLUMINA,NextSeq 500,ERP132388,PRJEB48068,,1027201,ERS12014365,SAMEA14409586,simple,562,Escherichia coli,12512TR111_isolate,,,,,,,no,,,,,LOUGHBOROUGH UNIVERSITY,ERA14486415,,public,F46357FE3BB3F290A535B7899A088B70,797152D0EE98030E5E75DA516B7DAAE4
ERR9745007,2023-10-10 16:07:00,2023-10-12 05:54:17,1247696,353284626,1247696,283,89,,https://sra-downloadb.be-md.ncbi.nlm.nih.gov/sos1/sra-pub-zq-38/ERR009/9745/ERR9745007/ERR9745007.lite.1,ERX9293497,,OTHER,RANDOM,GENOMIC,PAIRED,0,0,ILLUMINA,NextSeq 500,ERP132388,PRJEB48068,,1027201,ERS12014365,SAMEA14409586,simple,562,Escherichia coli,12512TR111_isolate,,,,,,,no,,,,,LOUGHBOROUGH UNIVERSITY,ERA14486002,,public,47B5286B93696F9C8F448780A21E85F8,771CD6B6B3AB900A6E5F496D674F4ECA
ERR9745009,2023-10-10 16:12:07,2023-10-12 07:14:58,1245366,353247178,1245366,283,89,,https://sra-downloadb.be-md.ncbi.nlm.nih.gov/sos1/sra-pub-zq-38/ERR009/9745/ERR9745009/ERR9745009.lite.1,ERX9293499,,OTHER,RANDOM,GENOMIC,PAIRED,0,0,ILLUMINA,NextSeq 500,ERP132388,PRJEB48068,,1027201,ERS12014365,SAMEA14409586,simple,562,Escherichia coli,12512TR111_isolate,,,,,,,no,,,,,LOUGHBOROUGH UNIVERSITY,ERA14486306,,public,0E86F7FB6CE5093E8967840D67FEA5F3,C2AED5BEB4CC0BA9C22F89A67EE94176
ERR9744976,2023-10-10 16:12:07,2023-10-12 06:40:16,1406287,400671629,1406287,284,101,,https://sra-downloadb.be-md.ncbi.nlm.nih.gov/sos1/sra-pub-zq-38/ERR009/9744/ERR9744976/ERR9744976.lite.1,ERX9293466,,OTHER,RANDOM,GENOMIC,PAIRED,0,0,ILLUMINA,NextSeq 500,ERP132388,PRJEB48068,,1027201,ERS12014363,SAMEA14409584,simple,562,Escherichia coli,12412TR111_isolate,,,,,,,no,,,,,LOUGHBOROUGH UNIVERSITY,ERA14477353,,public,9C64488AD9B84BFB24EE28C7275147E0,5DBDA0D26B091BED182BAC27D74B3DF2
ERR9744975,2023-10-10 16:21:18,2023-10-12 08:54:09,1416464,402826119,1416464,284,102,,https://sra-downloadb.be-md.ncbi.nlm.nih.gov/sos1/sra-pub-zq-38/ERR009/9744/ERR9744975/ERR9744975.lite.1,ERX9293465,,OTHER,RANDOM,GENOMIC,PAIRED,0,0,ILLUMINA,NextSeq 500,ERP132388,PRJEB48068,,1027201,ERS12014363,SAMEA14409584,simple,562,Escherichia coli,12412TR111_isolate,,,,,,,no,,,,,LOUGHBOROUGH UNIVERSITY,ERA14476645,,public,18F86E0DCB4384BEE02ABA788745BDB3,4FA598C4C052342E542AF4583B38BFDE
ERR9752709,2023-10-10 16:12:07,2023-10-12 07:16:42,3052872,870125623,3052872,285,221,,https://sra-downloadb.be-md.ncbi.nlm.nih.gov/sos1/sra-pub-zq-38/ERR009/9752/ERR9752709/ERR9752709.lite.1,ERX9300556,,OTHER,RANDOM,GENOMIC,PAIRED,0,0,ILLUMINA,NextSeq 500,ERP132388,PRJEB48068,,1027201,ERS12014416,SAMEA14409637,simple,562,Escherichia coli,111911TR005_isolate,,,,,,,no,,,,,LOUGHBOROUGH UNIVERSITY,ERA14554692,,public,C8F521858349BDBADB431BDCE491233E,63911FC4060CA97E1F656A54C6137B0A
ERR9970173,2023-10-10 16:26:59,2023-10-12 08:59:48,995203,290143783,995203,291,73,,https://sra-downloadb.be-md.ncbi.nlm.nih.gov/sos1/sra-pub-zq-38/ERR009/9970/ERR9970173/ERR9970173.lite.1,ERX9511883,,OTHER,RANDOM,GENOMIC,PAIRED,0,0,ILLUMINA,NextSeq 500,ERP132388,PRJEB48068,,1027201,ERS12468003,SAMEA110369806,simple,562,Escherichia coli,311311DL064_isolate,,,,,,,no,,,,,LOUGHBOROUGH UNIVERSITY,ERA16480772,,public,1585DD5735E783A3E98C2C2C5F2C386F,D1C6F5FBBF9013AD871FD44603FCCC11
ERR9970210,2023-10-10 08:39:39,2023-10-12 03:37:18,749393,213965504,749393,285,54,,https://sra-downloadb.be-md.ncbi.nlm.nih.gov/sos1/sra-pub-zq-38/ERR009/9970/ERR9970210/ERR9970210.lite.1,ERX9511920,,OTHER,RANDOM,GENOMIC,PAIRED,0,0,ILLUMINA,NextSeq 500,ERP132388,PRJEB48068,,1027201,ERS12468007,SAMEA110369810,simple,562,Escherichia coli,31312DL182_isolate,,,,,,,no,,,,,LOUGHBOROUGH UNIVERSITY,ERA16480855,,public,B5E2FDC8DB90EEF777B119AB11354D4D,56612EBD34B54FD73AE0B79FA577DD77
ERR9970941,2023-10-10 16:07:00,2023-10-12 05:48:15,737849,210902121,737849,285,53,,https://sra-downloadb.be-md.ncbi.nlm.nih.gov/sos1/sra-pub-zq-38/ERR009/9970/ERR9970941/ERR9970941.lite.1,ERX9511949,,OTHER,RANDOM,GENOMIC,PAIRED,0,0,ILLUMINA,NextSeq 500,ERP132388,PRJEB48068,,1027201,ERS12468007,SAMEA110369810,simple,562,Escherichia coli,31312DL182_isolate,,,,,,,no,,,,,LOUGHBOROUGH UNIVERSITY,ERA16480858,,public,3408D13F3FA35645275D816FB0D68D65,AD2177C47B1A5D5BC6EFCB9CAF0A5513
ERR9744973,2023-10-10 16:26:59,2023-10-12 08:59:45,1259735,358753367,1259735,284,90,,https://sra-downloadb.be-md.ncbi.nlm.nih.gov/sos1/sra-pub-zq-38/ERR009/9744/ERR9744973/ERR9744973.lite.1,ERX9293463,,OTHER,RANDOM,GENOMIC,PAIRED,0,0,ILLUMINA,NextSeq 500,ERP132388,PRJEB48068,,1027201,ERS12014353,SAMEA14409574,simple,562,Escherichia coli,11612TR102_isolate,,,,,,,no,,,,,LOUGHBOROUGH UNIVERSITY,ERA14475227,,public,AE1549E11BB008C8A8FA167FDE84AF90,8714D2E004CFA76B2826E3E986DB9A50
ERR9970949,2023-10-10 16:07:00,2023-10-12 05:49:03,861549,251381979,861549,291,63,,https://sra-downloadb.be-md.ncbi.nlm.nih.gov/sos1/sra-pub-zq-38/ERR009/9970/ERR9970949/ERR9970949.lite.1,ERX9511957,,OTHER,RANDOM,GENOMIC,PAIRED,0,0,ILLUMINA,NextSeq 500,ERP132388,PRJEB48068,,1027201,ERS12468009,SAMEA110369812,simple,562,Escherichia coli,31412DL185_isolate,,,,,,,no,,,,,LOUGHBOROUGH UNIVERSITY,ERA16480868,,public,DC685EE5405DDA0F611379E3BAE20857,10B7FE6578BEC92CBC0BB0B2FBF1FC0C
ERR9970948,2023-10-10 16:26:59,2023-10-12 08:59:58,867447,253137187,867447,291,63,,https://sra-downloadb.be-md.ncbi.nlm.nih.gov/sos1/sra-pub-zq-38/ERR009/9970/ERR9970948/ERR9970948.lite.1,ERX9511956,,OTHER,RANDOM,GENOMIC,PAIRED,0,0,ILLUMINA,NextSeq 500,ERP132388,PRJEB48068,,1027201,ERS12468009,SAMEA110369812,simple,562,Escherichia coli,31412DL185_isolate,,,,,,,no,,,,,LOUGHBOROUGH UNIVERSITY,ERA16480866,,public,38D282413F962B74D48153756DC952F1,F1E42BF4B49A32538FE856A5A37506D2
ERR9970946,2023-10-10 16:26:59,2023-10-12 09:00:00,879600,256366298,879600,291,64,,https://sra-downloadb.be-md.ncbi.nlm.nih.gov/sos1/sra-pub-zq-38/ERR009/9970/ERR9970946/ERR9970946.lite.1,ERX9511954,,OTHER,RANDOM,GENOMIC,PAIRED,0,0,ILLUMINA,NextSeq 500,ERP132388,PRJEB48068,,1027201,ERS12468009,SAMEA110369812,simple,562,Escherichia coli,31412DL185_isolate,,,,,,,no,,,,,LOUGHBOROUGH UNIVERSITY,ERA16480863,,public,94D643A30124FD2E8207A9E15ECA94C7,4963532E35B0997840BF99E2E1BB5528
ERR9744979,2023-10-10 16:26:59,2023-10-12 09:00:02,1275959,362947166,1275959,284,91,,https://sra-downloadb.be-md.ncbi.nlm.nih.gov/sos1/sra-pub-zq-38/ERR009/9744/ERR9744979/ERR9744979.lite.1,ERX9293469,,OTHER,RANDOM,GENOMIC,PAIRED,0,0,ILLUMINA,NextSeq 500,ERP132388,PRJEB48068,,1027201,ERS12014358,SAMEA14409579,simple,562,Escherichia coli,11612TR110_isolate,,,,,,,no,,,,,LOUGHBOROUGH UNIVERSITY,ERA14479593,,public,3C017E91F0E338884D57CD8A86333780,DE64D5A94273BDA3B4E8A702C3E23431
ERR9744985,2023-10-10 16:26:59,2023-10-12 08:59:34,1277713,364031772,1277713,284,92,,https://sra-downloadb.be-md.ncbi.nlm.nih.gov/sos1/sra-pub-zq-38/ERR009/9744/ERR9744985/ERR9744985.lite.1,ERX9293475,,OTHER,RANDOM,GENOMIC,PAIRED,0,0,ILLUMINA,NextSeq 500,ERP132388,PRJEB48068,,1027201,ERS12014358,SAMEA14409579,simple,562,Escherichia coli,11612TR110_isolate,,,,,,,no,,,,,LOUGHBOROUGH UNIVERSITY,ERA14481728,,public,F1D4661AE22B6922083DC4A17AA96BD1,8875E756DF1959D10BF82AC2EE3EDAC7
ERR9970945,2023-10-10 08:39:39,2023-10-12 03:53:36,743807,216680237,743807,291,54,,https://sra-downloadb.be-md.ncbi.nlm.nih.gov/sos1/sra-pub-zq-38/ERR009/9970/ERR9970945/ERR9970945.lite.1,ERX9511953,,OTHER,RANDOM,GENOMIC,PAIRED,0,0,ILLUMINA,NextSeq 500,ERP132388,PRJEB48068,,1027201,ERS12468008,SAMEA110369811,simple,562,Escherichia coli,31412DL181_isolate,,,,,,,no,,,,,LOUGHBOROUGH UNIVERSITY,ERA16480862,,public,38417000CC51B2EAD14C5A7EB13D9F3B,9FD8C9F74B57611F6BFF3E7101776B1A
ERR9970942,2023-10-10 16:21:18,2023-10-12 08:54:42,750693,218379680,750693,290,55,,https://sra-downloadb.be-md.ncbi.nlm.nih.gov/sos1/sra-pub-zq-38/ERR009/9970/ERR9970942/ERR9970942.lite.1,ERX9511950,,OTHER,RANDOM,GENOMIC,PAIRED,0,0,ILLUMINA,NextSeq 500,ERP132388,PRJEB48068,,1027201,ERS12468008,SAMEA110369811,simple,562,Escherichia coli,31412DL181_isolate,,,,,,,no,,,,,LOUGHBOROUGH UNIVERSITY,ERA16480859,,public,7E3FED26F2CF4B4972D9F43A00179CF4,A79D68C9D2700AF3297C04B8AD40360C
ERR9744603,2023-10-10 08:39:39,2023-10-12 03:42:23,1714475,479720913,1714475,279,121,,https://sra-downloadb.be-md.ncbi.nlm.nih.gov/sos1/sra-pub-zq-38/ERR009/9744/ERR9744603/ERR9744603.lite.1,ERX9293093,,OTHER,RANDOM,GENOMIC,PAIRED,0,0,ILLUMINA,NextSeq 500,ERP132388,PRJEB48068,,1027201,ERS12014459,SAMEA14409680,simple,562,Escherichia coli,311011DL070_isolate,,,,,,,no,,,,,LOUGHBOROUGH UNIVERSITY,ERA14466884,,public,C84C775C2F3EA1D4702247F522525830,0273226300F2BA0CE59947391CE87F2D
ERR9744602,2023-10-10 16:26:59,2023-10-12 08:59:29,1716578,480782459,1716578,280,121,,https://sra-downloadb.be-md.ncbi.nlm.nih.gov/sos1/sra-pub-zq-38/ERR009/9744/ERR9744602/ERR9744602.lite.1,ERX9293092,,OTHER,RANDOM,GENOMIC,PAIRED,0,0,ILLUMINA,NextSeq 500,ERP132388,PRJEB48068,,1027201,ERS12014459,SAMEA14409680,simple,562,Escherichia coli,311011DL070_isolate,,,,,,,no,,,,,LOUGHBOROUGH UNIVERSITY,ERA14466469,,public,E95D83A969D770AE2916A84832A8754B,378784BA9B32574E24EE0BFF3A60DB31
ERR9746085,2023-10-10 15:50:21,2023-10-12 05:02:52,1730785,494537706,1730785,285,125,,https://sra-downloadb.be-md.ncbi.nlm.nih.gov/sos1/sra-pub-zq-38/ERR009/9746/ERR9746085/ERR9746085.lite.1,ERX9294039,,OTHER,RANDOM,GENOMIC,PAIRED,0,0,ILLUMINA,NextSeq 500,ERP132388,PRJEB48068,,1027201,ERS12014349,SAMEA14409570,simple,562,Escherichia coli,11412TR109_isolate,,,,,,,no,,,,,LOUGHBOROUGH UNIVERSITY,ERA14534776,,public,F71AB5B443F87BCA6F9FAB0EC819D7DB,04B5F825157D7AD8885C0CD5DA52903E
ERR9744327,2023-10-10 16:07:00,2023-10-12 06:30:54,1768361,498836468,1768361,282,126,,https://sra-downloadb.be-md.ncbi.nlm.nih.gov/sos1/sra-pub-zq-38/ERR009/9744/ERR9744327/ERR9744327.lite.1,ERX9292799,,OTHER,RANDOM,GENOMIC,PAIRED,0,0,ILLUMINA,NextSeq 500,ERP132388,PRJEB48068,,1027201,ERS12014464,SAMEA14409685,simple,562,Escherichia coli,312021DL061_isolate,,,,,,,no,,,,,LOUGHBOROUGH UNIVERSITY,ERA14457053,,public,2131FCD3CB0AC7EF63E7A77670F9364F,AC8F58D392817B43ABB55CEA77F027BB
ERR9966540,2023-10-10 16:21:18,2023-10-12 08:52:45,820073,238824138,820073,291,60,,https://sra-downloadb.be-md.ncbi.nlm.nih.gov/sos1/sra-pub-zq-38/ERR009/9966/ERR9966540/ERR9966540.lite.1,ERX9508317,,OTHER,RANDOM,GENOMIC,PAIRED,0,0,ILLUMINA,NextSeq 500,ERP132388,PRJEB48068,,1027201,ERS12468013,SAMEA110369816,simple,562,Escherichia coli,31712DL187_isolate,,,,,,,no,,,,,LOUGHBOROUGH UNIVERSITY,ERA16476821,,public,57FFDF74BE7310D9E8B71E8FD867A9CA,33661D322F5327E68D5D3C1BE6280332
ERR9966539,2023-10-10 16:26:59,2023-10-12 08:59:19,819477,238557543,819477,291,60,,https://sra-downloadb.be-md.ncbi.nlm.nih.gov/sos1/sra-pub-zq-38/ERR009/9966/ERR9966539/ERR9966539.lite.1,ERX9508316,,OTHER,RANDOM,GENOMIC,PAIRED,0,0,ILLUMINA,NextSeq 500,ERP132388,PRJEB48068,,1027201,ERS12468013,SAMEA110369816,simple,562,Escherichia coli,31712DL187_isolate,,,,,,,no,,,,,LOUGHBOROUGH UNIVERSITY,ERA16476820,,public,32372B1122E5CB14939F97BBE0A96207,6F3035A8AF29BE2AB0BDF95F049AAEFF
ERR9966547,2023-10-10 16:12:07,2023-10-12 07:19:46,830177,241945562,830177,291,61,,https://sra-downloadb.be-md.ncbi.nlm.nih.gov/sos1/sra-pub-zq-38/ERR009/9966/ERR9966547/ERR9966547.lite.1,ERX9508324,,OTHER,RANDOM,GENOMIC,PAIRED,0,0,ILLUMINA,NextSeq 500,ERP132388,PRJEB48068,,1027201,ERS12468015,SAMEA110369818,simple,562,Escherichia coli,322222DL180_isolate,,,,,,,no,,,,,LOUGHBOROUGH UNIVERSITY,ERA16476831,,public,3C6B5DB70FD939B7D83DC32B470B8D38,D219B15AE189A61C9F55DF1A4B7443E1
ERR9966560,2023-10-10 16:26:59,2023-10-12 08:59:57,845720,246541914,845720,291,62,,https://sra-downloadb.be-md.ncbi.nlm.nih.gov/sos1/sra-pub-zq-38/ERR009/9966/ERR9966560/ERR9966560.lite.1,ERX9508337,,OTHER,RANDOM,GENOMIC,PAIRED,0,0,ILLUMINA,NextSeq 500,ERP132388,PRJEB48068,,1027201,ERS12468015,SAMEA110369818,simple,562,Escherichia coli,322222DL180_isolate,,,,,,,no,,,,,LOUGHBOROUGH UNIVERSITY,ERA16476833,,public,00DE98A08C2EA4C8887BF1DFF366299A,2746D3D0E81AFFECFEBEFFCD9BF55311
ERR9744960,2023-10-10 16:12:07,2023-10-12 06:39:23,1856073,512934053,1856073,276,130,,https://sra-downloadb.be-md.ncbi.nlm.nih.gov/sos1/sra-pub-zq-38/ERR009/9744/ERR9744960/ERR9744960.lite.1,ERX9293450,,OTHER,RANDOM,GENOMIC,PAIRED,0,0,ILLUMINA,NextSeq 500,ERP132388,PRJEB48068,,1027201,ERS12014446,SAMEA14409667,simple,562,Escherichia coli,21411TF037_isolate,,,,,,,no,,,,,LOUGHBOROUGH UNIVERSITY,ERA14469654,,public,5E6A5D7FC48CEE07F467CD885B16FC64,A3DE8291F2E8B3B2AE4B3DA9C9EF54F4
ERR9744957,2023-10-10 16:12:07,2023-10-12 06:42:55,1648458,464472591,1648458,281,117,,https://sra-downloadb.be-md.ncbi.nlm.nih.gov/sos1/sra-pub-zq-38/ERR009/9744/ERR9744957/ERR9744957.lite.1,ERX9293447,,OTHER,RANDOM,GENOMIC,PAIRED,0,0,ILLUMINA,NextSeq 500,ERP132388,PRJEB48068,,1027201,ERS12014445,SAMEA14409666,simple,562,Escherichia coli,21411TF029_isolate,,,,,,,no,,,,,LOUGHBOROUGH UNIVERSITY,ERA14467918,,public,4EB133530594F3FB31887A94DE81D01C,E462A04C60C0A7B4E14A0637D84AEFD0
ERR9744604,2023-10-10 16:12:07,2023-10-12 08:51:28,1660287,467365965,1660287,281,118,,https://sra-downloadb.be-md.ncbi.nlm.nih.gov/sos1/sra-pub-zq-38/ERR009/9744/ERR9744604/ERR9744604.lite.1,ERX9293094,,OTHER,RANDOM,GENOMIC,PAIRED,0,0,ILLUMINA,NextSeq 500,ERP132388,PRJEB48068,,1027201,ERS12014445,SAMEA14409666,simple,562,Escherichia coli,21411TF029_isolate,,,,,,,no,,,,,LOUGHBOROUGH UNIVERSITY,ERA14467170,,public,78B8AEF40759AEEEEBFB0170F26CD72C,24360FF3B1B081A385BBA420C840A483
ERR9744605,2023-10-10 16:26:59,2023-10-12 09:00:07,1657398,467646690,1657398,282,118,,https://sra-downloadb.be-md.ncbi.nlm.nih.gov/sos1/sra-pub-zq-38/ERR009/9744/ERR9744605/ERR9744605.lite.1,ERX9293095,,OTHER,RANDOM,GENOMIC,PAIRED,0,0,ILLUMINA,NextSeq 500,ERP132388,PRJEB48068,,1027201,ERS12014445,SAMEA14409666,simple,562,Escherichia coli,21411TF029_isolate,,,,,,,no,,,,,LOUGHBOROUGH UNIVERSITY,ERA14467311,,public,786E239EFCB02502C0582E79D10FCB04,4A3ECAD8D00BE4BDAE16345CECE6581D
ERR9745898,2023-10-10 16:26:59,2023-10-12 09:00:06,1277910,362969121,1277910,284,91,,https://sra-downloadb.be-md.ncbi.nlm.nih.gov/sos1/sra-pub-zq-38/ERR009/9745/ERR9745898/ERR9745898.lite.1,ERX9293878,,OTHER,RANDOM,GENOMIC,PAIRED,0,0,ILLUMINA,NextSeq 500,ERP132388,PRJEB48068,,1027201,ERS12014394,SAMEA14409615,simple,562,Escherichia coli,311312DL182_isolate,,,,,,,no,,,,,LOUGHBOROUGH UNIVERSITY,ERA14492070,,public,378F72FC76DAE20BB80A6CAC044CA319,A26B578722E3B323EE5E309CDD70E555
ERR9745537,2023-10-10 16:12:07,2023-10-12 06:43:07,1409571,396470184,1409571,281,100,,https://sra-downloadb.be-md.ncbi.nlm.nih.gov/sos1/sra-pub-zq-38/ERR009/9745/ERR9745537/ERR9745537.lite.1,ERX9293517,,OTHER,RANDOM,GENOMIC,PAIRED,0,0,ILLUMINA,NextSeq 500,ERP132388,PRJEB48068,,1027201,ERS12014369,SAMEA14409590,simple,562,Escherichia coli,12612TR113_isolate,,,,,,,no,,,,,LOUGHBOROUGH UNIVERSITY,ERA14489193,,public,995555FC8FE5F582996D17DA543C09FE,7A9B289DFF3B92ECA4DEBE7FBBAF912C
ERR9970179,2023-10-10 08:39:39,2023-10-12 03:36:58,846977,247049452,846977,291,62,,https://sra-downloadb.be-md.ncbi.nlm.nih.gov/sos1/sra-pub-zq-38/ERR009/9970/ERR9970179/ERR9970179.lite.1,ERX9511889,,OTHER,RANDOM,GENOMIC,PAIRED,0,0,ILLUMINA,NextSeq 500,ERP132388,PRJEB48068,,1027201,ERS12468005,SAMEA110369808,simple,562,Escherichia coli,311512DL187_isolate,,,,,,,no,,,,,LOUGHBOROUGH UNIVERSITY,ERA16480780,,public,D84D30BE162BF2D2289A9CDE82A4AC09,94E8BB34397010AA48F210823B3A056A
ERR9970178,2023-10-10 16:21:18,2023-10-12 08:51:38,868982,253237569,868982,291,63,,https://sra-downloadb.be-md.ncbi.nlm.nih.gov/sos1/sra-pub-zq-38/ERR009/9970/ERR9970178/ERR9970178.lite.1,ERX9511888,,OTHER,RANDOM,GENOMIC,PAIRED,0,0,ILLUMINA,NextSeq 500,ERP132388,PRJEB48068,,1027201,ERS12468005,SAMEA110369808,simple,562,Escherichia coli,311512DL187_isolate,,,,,,,no,,,,,LOUGHBOROUGH UNIVERSITY,ERA16480779,,public,0114DBD243C642E5A25C5F1FD761A996,D0EA30AC55E501FAEDF2AE216013DFFC
ERR9744456,2023-10-10 16:12:07,2023-10-12 07:18:52,1604278,453216979,1604278,282,114,,https://sra-downloadb.be-md.ncbi.nlm.nih.gov/sos1/sra-pub-zq-38/ERR009/9744/ERR9744456/ERR9744456.lite.1,ERX9292946,,OTHER,RANDOM,GENOMIC,PAIRED,0,0,ILLUMINA,NextSeq 500,ERP132388,PRJEB48068,,1027201,ERS12014451,SAMEA14409672,simple,562,Escherichia coli,21611TF025_isolate,,,,,,,no,,,,,LOUGHBOROUGH UNIVERSITY,ERA14463038,,public,E9D5722B50DF5446B2E60A71E2EEDF9C,459F18228319BAAECA8941855A0E1ACF
ERR9744457,2023-10-10 16:21:18,2023-10-12 08:56:47,1598330,451236712,1598330,282,114,,https://sra-downloadb.be-md.ncbi.nlm.nih.gov/sos1/sra-pub-zq-38/ERR009/9744/ERR9744457/ERR9744457.lite.1,ERX9292947,,OTHER,RANDOM,GENOMIC,PAIRED,0,0,ILLUMINA,NextSeq 500,ERP132388,PRJEB48068,,1027201,ERS12014451,SAMEA14409672,simple,562,Escherichia coli,21611TF025_isolate,,,,,,,no,,,,,LOUGHBOROUGH UNIVERSITY,ERA14463344,,public,3C99E32C6FDFF8A595C4CC5A6AC6712E,7DD706988D067C4F8998F61881515117
ERR9752787,2023-10-10 16:07:00,2023-10-12 06:30:05,915339,263665271,915339,288,66,,https://sra-downloadb.be-md.ncbi.nlm.nih.gov/sos1/sra-pub-zq-38/ERR009/9752/ERR9752787/ERR9752787.lite.1,ERX9300634,,OTHER,RANDOM,GENOMIC,PAIRED,0,0,ILLUMINA,NextSeq 500,ERP132388,PRJEB48068,,1027201,ERS12014469,SAMEA14409690,simple,562,Escherichia coli,31711DL061_isolate,,,,,,,no,,,,,LOUGHBOROUGH UNIVERSITY,ERA14569608,,public,87F0952E5B1DBA1847AB4461F0A935FA,8996FC69046D57DFA96DDC5E464BB7C5
ERR9752691,2023-10-10 08:39:39,2023-10-12 03:38:46,3057735,871769412,3057735,285,222,,https://sra-downloadb.be-md.ncbi.nlm.nih.gov/sos1/sra-pub-zq-38/ERR009/9752/ERR9752691/ERR9752691.lite.1,ERX9300538,,OTHER,RANDOM,GENOMIC,PAIRED,0,0,ILLUMINA,NextSeq 500,ERP132388,PRJEB48068,,1027201,ERS12014452,SAMEA14409673,simple,562,Escherichia coli,21611TF029_isolate,,,,,,,no,,,,,LOUGHBOROUGH UNIVERSITY,ERA14553258,,public,6E23B14C1E0F60A182D888217AA3026B,04B381810CF4BB0ED455F3CDDF8E725E
ERR9752711,2023-10-10 08:48:59,2023-10-12 04:03:37,3254598,926597838,3254598,284,236,,https://sra-downloadb.be-md.ncbi.nlm.nih.gov/sos1/sra-pub-zq-38/ERR009/9752/ERR9752711/ERR9752711.lite.1,ERX9300558,,OTHER,RANDOM,GENOMIC,PAIRED,0,0,ILLUMINA,NextSeq 500,ERP132388,PRJEB48068,,1027201,ERS12014404,SAMEA14409625,simple,562,Escherichia coli,31412DL190_isolate,,,,,,,no,,,,,LOUGHBOROUGH UNIVERSITY,ERA14554955,,public,807109EAA8B33B554C8E505D49D5BFBC,3ABA1EEC999B509AF3D05D30A4341A43
ERR9751747,2023-10-10 16:12:07,2023-10-12 06:33:29,4920966,1409216743,4920966,286,357,,https://sra-downloadb.be-md.ncbi.nlm.nih.gov/sos1/sra-pub-zq-38/ERR009/9751/ERR9751747/ERR9751747.lite.1,ERX9299594,,OTHER,RANDOM,GENOMIC,PAIRED,0,0,ILLUMINA,NextSeq 500,ERP132388,PRJEB48068,,1027201,ERS12014454,SAMEA14409675,simple,562,Escherichia coli,21911TF021_isolate,,,,,,,no,,,,,LOUGHBOROUGH UNIVERSITY,ERA14541205,,public,3AD00B61AED99B580811808578C2EDB0,4276F8F2E2593E0A6214A8F6456CF5C4
ERR9752494,2023-10-10 16:07:00,2023-10-12 05:47:51,3381617,965475642,3381617,285,246,,https://sra-downloadb.be-md.ncbi.nlm.nih.gov/sos1/sra-pub-zq-38/ERR009/9752/ERR9752494/ERR9752494.lite.1,ERX9300341,,OTHER,RANDOM,GENOMIC,PAIRED,0,0,ILLUMINA,NextSeq 500,ERP132388,PRJEB48068,,1027201,ERS12014366,SAMEA14409587,simple,562,Escherichia coli,12512TR113_isolate,,,,,,,no,,,,,LOUGHBOROUGH UNIVERSITY,ERA14545608,,public,EAB52E9B8B2622297A7289D74811114D,58DDDE864D051D1DB6C9ABE635E74EA7
ERR9745015,2023-10-10 16:26:59,2023-10-12 08:59:52,1131262,322269362,1131262,284,81,,https://sra-downloadb.be-md.ncbi.nlm.nih.gov/sos1/sra-pub-zq-38/ERR009/9745/ERR9745015/ERR9745015.lite.1,ERX9293505,,OTHER,RANDOM,GENOMIC,PAIRED,0,0,ILLUMINA,NextSeq 500,ERP132388,PRJEB48068,,1027201,ERS12014366,SAMEA14409587,simple,562,Escherichia coli,12512TR113_isolate,,,,,,,no,,,,,LOUGHBOROUGH UNIVERSITY,ERA14487493,,public,48194348CE152B6C4495193C2BBCAB0D,BF46C3CCCFD219C4EDE75F4477C6A336
ERR9752664,2023-10-10 08:39:39,2023-10-12 03:53:45,3322442,938030671,3322442,282,239,,https://sra-downloadb.be-md.ncbi.nlm.nih.gov/sos1/sra-pub-zq-38/ERR009/9752/ERR9752664/ERR9752664.lite.1,ERX9300511,,OTHER,RANDOM,GENOMIC,PAIRED,0,0,ILLUMINA,NextSeq 500,ERP132388,PRJEB48068,,1027201,ERS12014470,SAMEA14409691,simple,562,Escherichia coli,31711DL062_isolate,,,,,,,no,,,,,LOUGHBOROUGH UNIVERSITY,ERA14551562,,public,16E1B57FE480656FE7EE9192AC1C357C,39CEC77491D73E3C7813CECFA46C70DE
ERR9752538,2023-10-10 16:12:07,2023-10-12 06:31:34,2920251,844047577,2920251,289,214,,https://sra-downloadb.be-md.ncbi.nlm.nih.gov/sos1/sra-pub-zq-38/ERR009/9752/ERR9752538/ERR9752538.lite.1,ERX9300385,,OTHER,RANDOM,GENOMIC,PAIRED,0,0,ILLUMINA,NextSeq 500,ERP132388,PRJEB48068,,1027201,ERS12014343,SAMEA14409564,simple,562,Escherichia coli,111012TR102_isolate,,,,,,,no,,,,,LOUGHBOROUGH UNIVERSITY,ERA14546484,,public,DCF1600E910FBE2D207372936287FD0D,AB993431E6770417DAFCB3BC9BE78822
ERR9752482,2023-10-10 15:50:21,2023-10-12 05:01:46,3185814,921042028,3185814,289,233,,https://sra-downloadb.be-md.ncbi.nlm.nih.gov/sos1/sra-pub-zq-38/ERR009/9752/ERR9752482/ERR9752482.lite.1,ERX9300329,,OTHER,RANDOM,GENOMIC,PAIRED,0,0,ILLUMINA,NextSeq 500,ERP132388,PRJEB48068,,1027201,ERS12014417,SAMEA14409638,simple,562,Escherichia coli,11411TR005_isolate,,,,,,,no,,,,,LOUGHBOROUGH UNIVERSITY,ERA14545084,,public,427E0EE2F9D469EC4FCB6A43C33E5841,3E2861C67F221AD9D190AFD053E2FB04
ERR9752601,2023-10-10 16:26:59,2023-10-12 09:00:14,2759726,786893797,2759726,285,200,,https://sra-downloadb.be-md.ncbi.nlm.nih.gov/sos1/sra-pub-zq-38/ERR009/9752/ERR9752601/ERR9752601.lite.1,ERX9300448,,OTHER,RANDOM,GENOMIC,PAIRED,0,0,ILLUMINA,NextSeq 500,ERP132388,PRJEB48068,,1027201,ERS12014421,SAMEA14409642,simple,562,Escherichia coli,11511TR009_isolate,,,,,,,no,,,,,LOUGHBOROUGH UNIVERSITY,ERA14548294,,public,E25F479761CC37A39D9CA497EFC606AA,9B414B4E6E1FF01279C380D63CAE7CA7
ERR9752605,2023-10-10 08:48:59,2023-10-12 04:02:27,3414741,974946314,3414741,285,248,,https://sra-downloadb.be-md.ncbi.nlm.nih.gov/sos1/sra-pub-zq-38/ERR009/9752/ERR9752605/ERR9752605.lite.1,ERX9300452,,OTHER,RANDOM,GENOMIC,PAIRED,0,0,ILLUMINA,NextSeq 500,ERP132388,PRJEB48068,,1027201,ERS12014422,SAMEA14409643,simple,562,Escherichia coli,11511TR010_isolate,,,,,,,no,,,,,LOUGHBOROUGH UNIVERSITY,ERA14548590,,public,FD6AB0EBCF28C6955FDD11F0DBCC84A5,5F4DF735EF86582F319511F5FD208BBF
ERR9751994,2023-10-10 16:07:00,2023-10-12 05:51:53,3708481,1058479309,3708481,285,269,,https://sra-downloadb.be-md.ncbi.nlm.nih.gov/sos1/sra-pub-zq-38/ERR009/9751/ERR9751994/ERR9751994.lite.1,ERX9299841,,OTHER,RANDOM,GENOMIC,PAIRED,0,0,ILLUMINA,NextSeq 500,ERP132388,PRJEB48068,,1027201,ERS12014351,SAMEA14409572,simple,562,Escherichia coli,11512TR109_isolate,,,,,,,no,,,,,LOUGHBOROUGH UNIVERSITY,ERA14543885,,public,AC1365E64E3282BDD8BFF85457D3B3CF,15F03A5975EE46BD0F2F097457BDE0D9
ERR9752490,2023-10-10 08:39:39,2023-10-12 03:49:39,2817984,812079321,2817984,288,206,,https://sra-downloadb.be-md.ncbi.nlm.nih.gov/sos1/sra-pub-zq-38/ERR009/9752/ERR9752490/ERR9752490.lite.1,ERX9300337,,OTHER,RANDOM,GENOMIC,PAIRED,0,0,ILLUMINA,NextSeq 500,ERP132388,PRJEB48068,,1027201,ERS12014425,SAMEA14409646,simple,562,Escherichia coli,11611TR010_isolate,,,,,,,no,,,,,LOUGHBOROUGH UNIVERSITY,ERA14545532,,public,47B1A55318C39C9C92908798CA82EA9D,168348CF3ED786769985E1CD11ACCA49
ERR9744971,2023-10-10 16:12:07,2023-10-12 06:38:56,1268357,361421321,1268357,284,91,,https://sra-downloadb.be-md.ncbi.nlm.nih.gov/sos1/sra-pub-zq-38/ERR009/9744/ERR9744971/ERR9744971.lite.1,ERX9293461,,OTHER,RANDOM,GENOMIC,PAIRED,0,0,ILLUMINA,NextSeq 500,ERP132388,PRJEB48068,,1027201,ERS12014353,SAMEA14409574,simple,562,Escherichia coli,11612TR102_isolate,,,,,,,no,,,,,LOUGHBOROUGH UNIVERSITY,ERA14474614,,public,92D707120E30E1FD4616C4405CD525CD,D940DE0827E1E17D5EE03BE952DB6F67
ERR9752587,2023-10-10 08:48:59,2023-10-12 04:02:32,3405754,988550381,3405754,290,250,,https://sra-downloadb.be-md.ncbi.nlm.nih.gov/sos1/sra-pub-zq-38/ERR009/9752/ERR9752587/ERR9752587.lite.1,ERX9300434,,OTHER,RANDOM,GENOMIC,PAIRED,0,0,ILLUMINA,NextSeq 500,ERP132388,PRJEB48068,,1027201,ERS12014357,SAMEA14409578,simple,562,Escherichia coli,11612TR109_isolate,,,,,,,no,,,,,LOUGHBOROUGH UNIVERSITY,ERA14547451,,public,3E312570B3C5993561A463372E46626E,B8FB1574312306EF2162788BCE498970
ERR9752714,2023-10-10 16:07:00,2023-10-12 05:45:34,2428278,685188225,2428278,282,175,,https://sra-downloadb.be-md.ncbi.nlm.nih.gov/sos1/sra-pub-zq-38/ERR009/9752/ERR9752714/ERR9752714.lite.1,ERX9300561,,OTHER,RANDOM,GENOMIC,PAIRED,0,0,ILLUMINA,NextSeq 500,ERP132388,PRJEB48068,,1027201,ERS12014426,SAMEA14409647,simple,562,Escherichia coli,11811TR010_isolate,,,,,,,no,,,,,LOUGHBOROUGH UNIVERSITY,ERA14555374,,public,0DB050AD7DC9339DB9B3E5E53605DF24,6C9EFBD316B4A266DC0243FA10CB3D44
ERR9752630,2023-10-10 16:12:07,2023-10-12 07:17:20,3710063,1068907023,3710063,288,271,,https://sra-downloadb.be-md.ncbi.nlm.nih.gov/sos1/sra-pub-zq-38/ERR009/9752/ERR9752630/ERR9752630.lite.1,ERX9300477,,OTHER,RANDOM,GENOMIC,PAIRED,0,0,ILLUMINA,NextSeq 500,ERP132388,PRJEB48068,,1027201,ERS12014359,SAMEA14409580,simple,562,Escherichia coli,11912TR102_isolate,,,,,,,no,,,,,LOUGHBOROUGH UNIVERSITY,ERA14549040,,public,D0EEE1792A10F69508F457D9F64D6506,64D5018417A21003852FB05FC8012C17
ERR9752635,2023-10-10 08:11:58,2023-10-11 23:10:41,2987705,841457610,2987705,281,215,,https://sra-downloadb.be-md.ncbi.nlm.nih.gov/sos1/sra-pub-zq-38/ERR009/9752/ERR9752635/ERR9752635.lite.1,ERX9300482,,OTHER,RANDOM,GENOMIC,PAIRED,0,0,ILLUMINA,NextSeq 500,ERP132388,PRJEB48068,,1027201,ERS12014428,SAMEA14409649,simple,562,Escherichia coli,121111TR019_isolate,,,,,,,no,,,,,LOUGHBOROUGH UNIVERSITY,ERA14549234,,public,C77DE0FE58F2DCF9F1357425BC042D74,BEE663DD10E87161BA28D51458692CA8
ERR9745008,2023-10-10 16:12:07,2023-10-12 06:38:25,1240302,352115514,1240302,283,89,,https://sra-downloadb.be-md.ncbi.nlm.nih.gov/sos1/sra-pub-zq-38/ERR009/9745/ERR9745008/ERR9745008.lite.1,ERX9293498,,OTHER,RANDOM,GENOMIC,PAIRED,0,0,ILLUMINA,NextSeq 500,ERP132388,PRJEB48068,,1027201,ERS12014365,SAMEA14409586,simple,562,Escherichia coli,12512TR111_isolate,,,,,,,no,,,,,LOUGHBOROUGH UNIVERSITY,ERA14486185,,public,D4E6A6390E9ED1D0BAC54378ABCE1EF9,7A6FE27884071CB6F3F4E3E2C3041F41
ERR9744434,2023-10-10 16:12:07,2023-10-12 07:15:42,1677008,470592298,1677008,280,119,,https://sra-downloadb.be-md.ncbi.nlm.nih.gov/sos1/sra-pub-zq-38/ERR009/9744/ERR9744434/ERR9744434.lite.1,ERX9292924,,OTHER,RANDOM,GENOMIC,PAIRED,0,0,ILLUMINA,NextSeq 500,ERP132388,PRJEB48068,,1027201,ERS12014437,SAMEA14409658,simple,562,Escherichia coli,12611TR016_isolate,,,,,,,no,,,,,LOUGHBOROUGH UNIVERSITY,ERA14462099,,public,8EB8C066EEE48AC137A4AC18248BE6ED,C9C62AAE2ED70DADDA348ACA2E78B3DD
ERR9745018,2023-10-10 16:12:07,2023-10-12 06:38:55,1262213,359963313,1262213,285,91,,https://sra-downloadb.be-md.ncbi.nlm.nih.gov/sos1/sra-pub-zq-38/ERR009/9745/ERR9745018/ERR9745018.lite.1,ERX9293508,,OTHER,RANDOM,GENOMIC,PAIRED,0,0,ILLUMINA,NextSeq 500,ERP132388,PRJEB48068,,1027201,ERS12014367,SAMEA14409588,simple,562,Escherichia coli,12612TR111_isolate,,,,,,,no,,,,,LOUGHBOROUGH UNIVERSITY,ERA14487932,,public,5227682B3262F4922E463392715086E9,04D5E7F48219856D7B62B5D338CCFBD3
ERR9745016,2023-10-10 15:50:21,2023-10-12 05:04:39,1264855,359914181,1264855,284,91,,https://sra-downloadb.be-md.ncbi.nlm.nih.gov/sos1/sra-pub-zq-38/ERR009/9745/ERR9745016/ERR9745016.lite.1,ERX9293506,,OTHER,RANDOM,GENOMIC,PAIRED,0,0,ILLUMINA,NextSeq 500,ERP132388,PRJEB48068,,1027201,ERS12014367,SAMEA14409588,simple,562,Escherichia coli,12612TR111_isolate,,,,,,,no,,,,,LOUGHBOROUGH UNIVERSITY,ERA14487716,,public,448AFACF758E7A861E92D2915B2CD057,3E94BC41EF70E0889CBFCE903D79FA6C
ERR9745884,2023-10-10 16:12:07,2023-10-12 07:15:03,1402567,395148732,1402567,281,100,,https://sra-downloadb.be-md.ncbi.nlm.nih.gov/sos1/sra-pub-zq-38/ERR009/9745/ERR9745884/ERR9745884.lite.1,ERX9293864,,OTHER,RANDOM,GENOMIC,PAIRED,0,0,ILLUMINA,NextSeq 500,ERP132388,PRJEB48068,,1027201,ERS12014369,SAMEA14409590,simple,562,Escherichia coli,12612TR113_isolate,,,,,,,no,,,,,LOUGHBOROUGH UNIVERSITY,ERA14489634,,public,56C2F6C0A7123FE40485A3A4316DFDE2,39011B729263AD73253F29514D16CE63
ERR9743711,2023-10-10 16:21:18,2023-10-12 08:54:16,1479459,414666856,1479459,280,105,,https://sra-downloadb.be-md.ncbi.nlm.nih.gov/sos1/sra-pub-zq-38/ERR009/9743/ERR9743711/ERR9743711.lite.1,ERX9292184,,OTHER,RANDOM,GENOMIC,PAIRED,0,0,ILLUMINA,NextSeq 500,ERP132388,PRJEB48068,,1027201,ERS12014439,SAMEA14409660,simple,562,Escherichia coli,211011TF021_isolate,,,,,,,no,,,,,LOUGHBOROUGH UNIVERSITY,ERA14455077,,public,8BDFFCEA61D5819EBB6D7838A04C5C95,04AE4425143D01B1C6FDC879188BC033
ERR9745890,2023-10-10 15:50:21,2023-10-12 05:03:53,1355431,388839107,1355431,286,98,,https://sra-downloadb.be-md.ncbi.nlm.nih.gov/sos1/sra-pub-zq-38/ERR009/9745/ERR9745890/ERR9745890.lite.1,ERX9293870,,OTHER,RANDOM,GENOMIC,PAIRED,0,0,ILLUMINA,NextSeq 500,ERP132388,PRJEB48068,,1027201,ERS12014371,SAMEA14409592,simple,562,Escherichia coli,211012TF125_isolate,,,,,,,no,,,,,LOUGHBOROUGH UNIVERSITY,ERA14490723,,public,4CCC8D29EDF480DDB0EEFA0C75D094AE,B69355C9CA7652B334E662339DAFB0DA
ERR9752725,2023-10-10 08:11:58,2023-10-12 03:17:15,2955383,840108514,2955383,284,214,,https://sra-downloadb.be-md.ncbi.nlm.nih.gov/sos1/sra-pub-zq-38/ERR009/9752/ERR9752725/ERR9752725.lite.1,ERX9300572,,OTHER,RANDOM,GENOMIC,PAIRED,0,0,ILLUMINA,NextSeq 500,ERP132388,PRJEB48068,,1027201,ERS12014372,SAMEA14409593,simple,562,Escherichia coli,211012TF130_isolate,,,,,,,no,,,,,LOUGHBOROUGH UNIVERSITY,ERA14556434,,public,F53D49B538D0AD969234F74AD1E2F64E,9C73A88904D15923160374A3D99B8D27
ERR9752517,2023-10-10 16:21:18,2023-10-12 08:52:54,2838556,810235370,2838556,285,206,,https://sra-downloadb.be-md.ncbi.nlm.nih.gov/sos1/sra-pub-zq-38/ERR009/9752/ERR9752517/ERR9752517.lite.1,ERX9300364,,OTHER,RANDOM,GENOMIC,PAIRED,0,0,ILLUMINA,NextSeq 500,ERP132388,PRJEB48068,,1027201,ERS12014373,SAMEA14409594,simple,562,Escherichia coli,211012TF136_isolate,,,,,,,no,,,,,LOUGHBOROUGH UNIVERSITY,ERA14546151,,public,0E3B14AAB5A72B06418ACA4C0DD9F65C,9A69FF8D87E5CB469DCC0F687C1E3582
ERR9744462,2023-10-10 16:12:07,2023-10-12 07:20:04,1494214,423071612,1494214,283,107,,https://sra-downloadb.be-md.ncbi.nlm.nih.gov/sos1/sra-pub-zq-38/ERR009/9744/ERR9744462/ERR9744462.lite.1,ERX9292952,,OTHER,RANDOM,GENOMIC,PAIRED,0,0,ILLUMINA,NextSeq 500,ERP132388,PRJEB48068,,1027201,ERS12014444,SAMEA14409665,simple,562,Escherichia coli,21411TF025_isolate,,,,,,,no,,,,,LOUGHBOROUGH UNIVERSITY,ERA14464302,,public,BD1FAD39B7EE10CEB37D08BEFDF830F3,56FC1E0D4BD5A3ECC8B59FA677EEA0C7
ERR9744460,2023-10-10 08:11:58,2023-10-12 03:16:01,1497568,424209961,1497568,283,107,,https://sra-downloadb.be-md.ncbi.nlm.nih.gov/sos1/sra-pub-zq-38/ERR009/9744/ERR9744460/ERR9744460.lite.1,ERX9292950,,OTHER,RANDOM,GENOMIC,PAIRED,0,0,ILLUMINA,NextSeq 500,ERP132388,PRJEB48068,,1027201,ERS12014444,SAMEA14409665,simple,562,Escherichia coli,21411TF025_isolate,,,,,,,no,,,,,LOUGHBOROUGH UNIVERSITY,ERA14464067,,public,00AF2B52617F328B81C60EB31D5DD10F,3CE5E2A5D8930A5D1735898A094E4B0B
ERR9744959,2023-10-10 16:12:07,2023-10-12 07:17:54,1854171,512765258,1854171,276,130,,https://sra-downloadb.be-md.ncbi.nlm.nih.gov/sos1/sra-pub-zq-38/ERR009/9744/ERR9744959/ERR9744959.lite.1,ERX9293449,,OTHER,RANDOM,GENOMIC,PAIRED,0,0,ILLUMINA,NextSeq 500,ERP132388,PRJEB48068,,1027201,ERS12014446,SAMEA14409667,simple,562,Escherichia coli,21411TF037_isolate,,,,,,,no,,,,,LOUGHBOROUGH UNIVERSITY,ERA14469011,,public,D53E3691FC11B4C5997FC85D32E68C8F,97803CC359C9EFC84A2D256F0A9A5C8D
ERR9744967,2023-10-10 16:12:07,2023-10-12 07:15:45,1624224,458032490,1624224,282,116,,https://sra-downloadb.be-md.ncbi.nlm.nih.gov/sos1/sra-pub-zq-38/ERR009/9744/ERR9744967/ERR9744967.lite.1,ERX9293457,,OTHER,RANDOM,GENOMIC,PAIRED,0,0,ILLUMINA,NextSeq 500,ERP132388,PRJEB48068,,1027201,ERS12014447,SAMEA14409668,simple,562,Escherichia coli,21511TF025_isolate,,,,,,,no,,,,,LOUGHBOROUGH UNIVERSITY,ERA14471750,,public,B827102E81AB754E1F77605346897866,1B4E182D6F1737701278E0F09C4E8EC7
ERR9744453,2023-10-10 15:50:21,2023-10-12 05:05:59,1606473,452587746,1606473,281,114,,https://sra-downloadb.be-md.ncbi.nlm.nih.gov/sos1/sra-pub-zq-38/ERR009/9744/ERR9744453/ERR9744453.lite.1,ERX9292943,,OTHER,RANDOM,GENOMIC,PAIRED,0,0,ILLUMINA,NextSeq 500,ERP132388,PRJEB48068,,1027201,ERS12014451,SAMEA14409672,simple,562,Escherichia coli,21611TF025_isolate,,,,,,,no,,,,,LOUGHBOROUGH UNIVERSITY,ERA14462786,,public,AD4096321A4F5D8B5182B0E4F16D89A5,BF26143F7EDF16D62FC27CC614D63D43
ERR9752689,2023-10-10 15:50:21,2023-10-12 05:01:57,3509935,1018067437,3509935,290,257,,https://sra-downloadb.be-md.ncbi.nlm.nih.gov/sos1/sra-pub-zq-38/ERR009/9752/ERR9752689/ERR9752689.lite.1,ERX9300536,,OTHER,RANDOM,GENOMIC,PAIRED,0,0,ILLUMINA,NextSeq 500,ERP132388,PRJEB48068,,1027201,ERS12014380,SAMEA14409601,simple,562,Escherichia coli,21612TF122_isolate,,,,,,,no,,,,,LOUGHBOROUGH UNIVERSITY,ERA14553175,,public,06D0DB62D3472C269C0BA5393C25ED73,B2BA8456E6C053BBE1BD8EFC95E2C08B
ERR9752653,2023-10-10 08:24:34,2023-10-12 03:24:58,4381884,1269122838,4381884,289,321,,https://sra-downloadb.be-md.ncbi.nlm.nih.gov/sos1/sra-pub-zq-38/ERR009/9752/ERR9752653/ERR9752653.lite.1,ERX9300500,,OTHER,RANDOM,GENOMIC,PAIRED,0,0,ILLUMINA,NextSeq 500,ERP132388,PRJEB48068,,1027201,ERS12014383,SAMEA14409604,simple,562,Escherichia coli,21912TF122_isolate,,,,,,,no,,,,,LOUGHBOROUGH UNIVERSITY,ERA14551005,,public,A6C5E93E47DA6E43CCD1447F85C899B1,46265EF405DDD5F50B652A8745F7D644
ERR9752663,2023-10-10 16:07:00,2023-10-12 05:55:06,4585800,1320678891,4585800,287,334,,https://sra-downloadb.be-md.ncbi.nlm.nih.gov/sos1/sra-pub-zq-38/ERR009/9752/ERR9752663/ERR9752663.lite.1,ERX9300510,,OTHER,RANDOM,GENOMIC,PAIRED,0,0,ILLUMINA,NextSeq 500,ERP132388,PRJEB48068,,1027201,ERS12014384,SAMEA14409605,simple,562,Escherichia coli,21912TF125_isolate,,,,,,,no,,,,,LOUGHBOROUGH UNIVERSITY,ERA14551543,,public,D95558BD346383797E1CB39A843F9409,2D09808A9456FA16AD138671EB1DF0C5
ERR9746088,2023-10-10 16:12:07,2023-10-12 06:42:29,2278202,657662736,2278202,288,167,,https://sra-downloadb.be-md.ncbi.nlm.nih.gov/sos1/sra-pub-zq-38/ERR009/9746/ERR9746088/ERR9746088.lite.1,ERX9294042,,OTHER,RANDOM,GENOMIC,PAIRED,0,0,ILLUMINA,NextSeq 500,ERP132388,PRJEB48068,,1027201,ERS12014387,SAMEA14409608,simple,562,Escherichia coli,311012DL161_isolate,,,,,,,no,,,,,LOUGHBOROUGH UNIVERSITY,ERA14535285,,public,3DB4D4B55E07B8BAD50C4B7676ADB045,4990E345A1B533528C69ADCF743697E8
ERR9744990,2023-10-10 16:12:07,2023-10-12 07:15:37,1296034,368293103,1296034,284,93,,https://sra-downloadb.be-md.ncbi.nlm.nih.gov/sos1/sra-pub-zq-38/ERR009/9744/ERR9744990/ERR9744990.lite.1,ERX9293480,,OTHER,RANDOM,GENOMIC,PAIRED,0,0,ILLUMINA,NextSeq 500,ERP132388,PRJEB48068,,1027201,ERS12014389,SAMEA14409610,simple,562,Escherichia coli,311012DL182_isolate,,,,,,,no,,,,,LOUGHBOROUGH UNIVERSITY,ERA14483251,,public,EEA830F82CFEAEB43B33A7E658D4C226,DBC52B355A3221DACF3AA7F0D9AD0BAA
ERR9744986,2023-10-10 08:19:59,2023-10-12 03:17:23,1296822,367980826,1296822,283,93,,https://sra-downloadb.be-md.ncbi.nlm.nih.gov/sos1/sra-pub-zq-38/ERR009/9744/ERR9744986/ERR9744986.lite.1,ERX9293476,,OTHER,RANDOM,GENOMIC,PAIRED,0,0,ILLUMINA,NextSeq 500,ERP132388,PRJEB48068,,1027201,ERS12014389,SAMEA14409610,simple,562,Escherichia coli,311012DL182_isolate,,,,,,,no,,,,,LOUGHBOROUGH UNIVERSITY,ERA14482421,,public,625FE70F97933F76905A44681695E9E4,57F0FB07F9506FF3FE709FD42C15A369
ERR9744988,2023-10-10 08:48:59,2023-10-12 04:02:26,1305627,371466362,1305627,284,94,,https://sra-downloadb.be-md.ncbi.nlm.nih.gov/sos1/sra-pub-zq-38/ERR009/9744/ERR9744988/ERR9744988.lite.1,ERX9293478,,OTHER,RANDOM,GENOMIC,PAIRED,0,0,ILLUMINA,NextSeq 500,ERP132388,PRJEB48068,,1027201,ERS12014389,SAMEA14409610,simple,562,Escherichia coli,311012DL182_isolate,,,,,,,no,,,,,LOUGHBOROUGH UNIVERSITY,ERA14482856,,public,EFCC9E0B273EA0D4006A9EAFF1DFD851,1D22C0C02E7AFB10EC5B0D4313D87422
ERR9970171,2023-10-10 16:07:00,2023-10-12 05:54:14,981649,286093032,981649,291,72,,https://sra-downloadb.be-md.ncbi.nlm.nih.gov/sos1/sra-pub-zq-38/ERR009/9970/ERR9970171/ERR9970171.lite.1,ERX9511881,,OTHER,RANDOM,GENOMIC,PAIRED,0,0,ILLUMINA,NextSeq 500,ERP132388,PRJEB48068,,1027201,ERS12468003,SAMEA110369806,simple,562,Escherichia coli,311311DL064_isolate,,,,,,,no,,,,,LOUGHBOROUGH UNIVERSITY,ERA16480770,,public,6204E8CFDC353C669C6A2040A96DF3D9,03C419EA9566B71AAA02D64DD053A92B
ERR9970172,2023-10-10 16:12:07,2023-10-12 06:40:38,999171,291324869,999171,291,73,,https://sra-downloadb.be-md.ncbi.nlm.nih.gov/sos1/sra-pub-zq-38/ERR009/9970/ERR9970172/ERR9970172.lite.1,ERX9511882,,OTHER,RANDOM,GENOMIC,PAIRED,0,0,ILLUMINA,NextSeq 500,ERP132388,PRJEB48068,,1027201,ERS12468003,SAMEA110369806,simple,562,Escherichia coli,311311DL064_isolate,,,,,,,no,,,,,LOUGHBOROUGH UNIVERSITY,ERA16480771,,public,E1ABDAED4778C1C490B876DF19EC9BF1,6035B509DCBA256E8322F6B5555BE963
ERR9750945,2023-10-10 16:07:00,2023-10-12 05:47:12,3756181,1083112326,3756181,288,274,,https://sra-downloadb.be-md.ncbi.nlm.nih.gov/sos1/sra-pub-zq-38/ERR009/9750/ERR9750945/ERR9750945.lite.1,ERX9298884,,OTHER,RANDOM,GENOMIC,PAIRED,0,0,ILLUMINA,NextSeq 500,ERP132388,PRJEB48068,,1027201,ERS12014461,SAMEA14409682,simple,562,Escherichia coli,311311DL068_isolate,,,,,,,no,,,,,LOUGHBOROUGH UNIVERSITY,ERA14538668,,public,D634C5D3CD5FC1BFDB85F884D4191A42,408FA351A1EDB5674C2B8ED129AF206A
ERR9745892,2023-10-10 16:21:18,2023-10-12 08:54:47,1255209,358341280,1255209,285,90,,https://sra-downloadb.be-md.ncbi.nlm.nih.gov/sos1/sra-pub-zq-38/ERR009/9745/ERR9745892/ERR9745892.lite.1,ERX9293872,,OTHER,RANDOM,GENOMIC,PAIRED,0,0,ILLUMINA,NextSeq 500,ERP132388,PRJEB48068,,1027201,ERS12014393,SAMEA14409614,simple,562,Escherichia coli,311312DL181_isolate,,,,,,,no,,,,,LOUGHBOROUGH UNIVERSITY,ERA14491032,,public,4BF9D40E2D46E8A3835A4328E61DB100,7D86E4E12984F414E56BED37BC88AE7E
ERR9752586,2023-10-10 16:21:18,2023-10-12 08:55:55,3191465,910372036,3191465,285,232,,https://sra-downloadb.be-md.ncbi.nlm.nih.gov/sos1/sra-pub-zq-38/ERR009/9752/ERR9752586/ERR9752586.lite.1,ERX9300433,,OTHER,RANDOM,GENOMIC,PAIRED,0,0,ILLUMINA,NextSeq 500,ERP132388,PRJEB48068,,1027201,ERS12014393,SAMEA14409614,simple,562,Escherichia coli,311312DL181_isolate,,,,,,,no,,,,,LOUGHBOROUGH UNIVERSITY,ERA14547448,,public,EEFE4F9AAB34319220F953968027494E,D1202BD1A096D9599C64D9AEFF167261
ERR9745896,2023-10-10 15:50:21,2023-10-12 05:03:17,1281485,363121370,1281485,283,92,,https://sra-downloadb.be-md.ncbi.nlm.nih.gov/sos1/sra-pub-zq-38/ERR009/9745/ERR9745896/ERR9745896.lite.1,ERX9293876,,OTHER,RANDOM,GENOMIC,PAIRED,0,0,ILLUMINA,NextSeq 500,ERP132388,PRJEB48068,,1027201,ERS12014394,SAMEA14409615,simple,562,Escherichia coli,311312DL182_isolate,,,,,,,no,,,,,LOUGHBOROUGH UNIVERSITY,ERA14491671,,public,FEB3B9AB7D42519649007A8C0048CAC2,8451C9594838A5D66FC54B07DF1C5054
ERR9745904,2023-10-10 16:07:00,2023-10-12 05:45:26,1245433,352867996,1245433,283,89,,https://sra-downloadb.be-md.ncbi.nlm.nih.gov/sos1/sra-pub-zq-38/ERR009/9745/ERR9745904/ERR9745904.lite.1,ERX9293884,,OTHER,RANDOM,GENOMIC,PAIRED,0,0,ILLUMINA,NextSeq 500,ERP132388,PRJEB48068,,1027201,ERS12014395,SAMEA14409616,simple,562,Escherichia coli,311312DL187_isolate,,,,,,,no,,,,,LOUGHBOROUGH UNIVERSITY,ERA14492656,,public,FCE407EBCA1D001B22F8FCA29B0B3589,0B6AFF716439E9739531779625483FDC
ERR9745905,2023-10-10 16:12:07,2023-10-12 08:50:28,1252541,354617865,1252541,283,89,,https://sra-downloadb.be-md.ncbi.nlm.nih.gov/sos1/sra-pub-zq-38/ERR009/9745/ERR9745905/ERR9745905.lite.1,ERX9293885,,OTHER,RANDOM,GENOMIC,PAIRED,0,0,ILLUMINA,NextSeq 500,ERP132388,PRJEB48068,,1027201,ERS12014395,SAMEA14409616,simple,562,Escherichia coli,311312DL187_isolate,,,,,,,no,,,,,LOUGHBOROUGH UNIVERSITY,ERA14492782,,public,9D8E3D9F4DBE2654965D6BD9EE5B6080,4323BCEC952AA116163C8D9FE30D0CD5
ERR9752598,2023-10-10 16:21:18,2023-10-12 08:54:07,2791314,795804598,2791314,285,203,,https://sra-downloadb.be-md.ncbi.nlm.nih.gov/sos1/sra-pub-zq-38/ERR009/9752/ERR9752598/ERR9752598.lite.1,ERX9300445,,OTHER,RANDOM,GENOMIC,PAIRED,0,0,ILLUMINA,NextSeq 500,ERP132388,PRJEB48068,,1027201,ERS12014395,SAMEA14409616,simple,562,Escherichia coli,311312DL187_isolate,,,,,,,no,,,,,LOUGHBOROUGH UNIVERSITY,ERA14548069,,public,7A21B754E7480B7A16EBC4C8B9F3DB37,CD61A69A0B3EE235FABA320BCD17B013
ERR9970180,2023-10-10 08:24:34,2023-10-12 03:23:17,867417,253015096,867417,291,63,,https://sra-downloadb.be-md.ncbi.nlm.nih.gov/sos1/sra-pub-zq-38/ERR009/9970/ERR9970180/ERR9970180.lite.1,ERX9511890,,OTHER,RANDOM,GENOMIC,PAIRED,0,0,ILLUMINA,NextSeq 500,ERP132388,PRJEB48068,,1027201,ERS12468005,SAMEA110369808,simple,562,Escherichia coli,311512DL187_isolate,,,,,,,no,,,,,LOUGHBOROUGH UNIVERSITY,ERA16480803,,public,748532F608D3735FA5A1D1D488873407,DFC87D105A2D0A7655AC562DD5FBF4C0
ERR9744328,2023-10-10 16:21:18,2023-10-12 08:57:01,1762168,496564460,1762168,281,125,,https://sra-downloadb.be-md.ncbi.nlm.nih.gov/sos1/sra-pub-zq-38/ERR009/9744/ERR9744328/ERR9744328.lite.1,ERX9292800,,OTHER,RANDOM,GENOMIC,PAIRED,0,0,ILLUMINA,NextSeq 500,ERP132388,PRJEB48068,,1027201,ERS12014464,SAMEA14409685,simple,562,Escherichia coli,312021DL061_isolate,,,,,,,no,,,,,LOUGHBOROUGH UNIVERSITY,ERA14457323,,public,985EDB6E36E4FA4FDC2E408615505C5F,37605E3F2ACE38F32E3EF7A78CF3E496
ERR9970209,2023-10-10 16:12:07,2023-10-12 06:38:45,639616,184269521,639616,288,46,,https://sra-downloadb.be-md.ncbi.nlm.nih.gov/sos1/sra-pub-zq-38/ERR009/9970/ERR9970209/ERR9970209.lite.1,ERX9511919,,OTHER,RANDOM,GENOMIC,PAIRED,0,0,ILLUMINA,NextSeq 500,ERP132388,PRJEB48068,,1027201,ERS12468006,SAMEA110369809,simple,562,Escherichia coli,312021DL084_isolate,,,,,,,no,,,,,LOUGHBOROUGH UNIVERSITY,ERA16480853,,public,64C17DC84258DF587C2F78053FC09632,7BE58259BA89EE8FB0DF38AB5DA1473D
ERR9970206,2023-10-10 16:12:07,2023-10-12 06:40:30,651403,187408599,651403,287,47,,https://sra-downloadb.be-md.ncbi.nlm.nih.gov/sos1/sra-pub-zq-38/ERR009/9970/ERR9970206/ERR9970206.lite.1,ERX9511916,,OTHER,RANDOM,GENOMIC,PAIRED,0,0,ILLUMINA,NextSeq 500,ERP132388,PRJEB48068,,1027201,ERS12468006,SAMEA110369809,simple,562,Escherichia coli,312021DL084_isolate,,,,,,,no,,,,,LOUGHBOROUGH UNIVERSITY,ERA16480848,,public,E028590EF85E8DB12C0CC399BDC7A747,B5A57846277A6E70B87695C2028C4EE9
ERR9970940,2023-10-10 15:50:21,2023-10-12 05:02:58,747534,213746199,747534,285,54,,https://sra-downloadb.be-md.ncbi.nlm.nih.gov/sos1/sra-pub-zq-38/ERR009/9970/ERR9970940/ERR9970940.lite.1,ERX9511948,,OTHER,RANDOM,GENOMIC,PAIRED,0,0,ILLUMINA,NextSeq 500,ERP132388,PRJEB48068,,1027201,ERS12468007,SAMEA110369810,simple,562,Escherichia coli,31312DL182_isolate,,,,,,,no,,,,,LOUGHBOROUGH UNIVERSITY,ERA16480857,,public,2E8E62F0D0F90DC5F1C3EF0EB4E9A571,DFE8044EDA47E6DBE9E25B274A3064AB
ERR9752701,2023-10-10 16:07:00,2023-10-12 05:49:28,2708430,771263700,2708430,284,196,,https://sra-downloadb.be-md.ncbi.nlm.nih.gov/sos1/sra-pub-zq-38/ERR009/9752/ERR9752701/ERR9752701.lite.1,ERX9300548,,OTHER,RANDOM,GENOMIC,PAIRED,0,0,ILLUMINA,NextSeq 500,ERP132388,PRJEB48068,,1027201,ERS12014401,SAMEA14409622,simple,562,Escherichia coli,31412DL164_isolate,,,,,,,no,,,,,LOUGHBOROUGH UNIVERSITY,ERA14553936,,public,3ACF56461328DF2FA3FB1BFC6506054D,16D236DB941FCEFE400CE93F8DC08660
ERR9970944,2023-10-10 16:07:00,2023-10-12 05:50:29,748916,218197889,748916,291,55,,https://sra-downloadb.be-md.ncbi.nlm.nih.gov/sos1/sra-pub-zq-38/ERR009/9970/ERR9970944/ERR9970944.lite.1,ERX9511952,,OTHER,RANDOM,GENOMIC,PAIRED,0,0,ILLUMINA,NextSeq 500,ERP132388,PRJEB48068,,1027201,ERS12468008,SAMEA110369811,simple,562,Escherichia coli,31412DL181_isolate,,,,,,,no,,,,,LOUGHBOROUGH UNIVERSITY,ERA16480861,,public,9AEA5A3F8843103DD2B3A8D33B2520D3,E5772925B24640EAD3B8098D0E02909D
ERR9970943,2023-10-10 16:07:00,2023-10-12 05:54:22,736114,214334824,736114,291,54,,https://sra-downloadb.be-md.ncbi.nlm.nih.gov/sos1/sra-pub-zq-38/ERR009/9970/ERR9970943/ERR9970943.lite.1,ERX9511951,,OTHER,RANDOM,GENOMIC,PAIRED,0,0,ILLUMINA,NextSeq 500,ERP132388,PRJEB48068,,1027201,ERS12468008,SAMEA110369811,simple,562,Escherichia coli,31412DL181_isolate,,,,,,,no,,,,,LOUGHBOROUGH UNIVERSITY,ERA16480860,,public,02F1B73E8D9615A816ED97C1C48A20FC,E8BE0228EE6C76E87A88377DE497C9C3
ERR9752783,2023-10-10 08:24:34,2023-10-12 03:19:15,922181,265289376,922181,287,67,,https://sra-downloadb.be-md.ncbi.nlm.nih.gov/sos1/sra-pub-zq-38/ERR009/9752/ERR9752783/ERR9752783.lite.1,ERX9300630,,OTHER,RANDOM,GENOMIC,PAIRED,0,0,ILLUMINA,NextSeq 500,ERP132388,PRJEB48068,,1027201,ERS12014469,SAMEA14409690,simple,562,Escherichia coli,31711DL061_isolate,,,,,,,no,,,,,LOUGHBOROUGH UNIVERSITY,ERA14567828,,public,6773566A17F65175A63497D10BA01DCF,1D13D740603BC3B101A0423BBE63A270
ERR9751800,2023-10-10 16:26:59,2023-10-12 09:00:39,5221049,1500776878,5221049,287,380,,https://sra-downloadb.be-md.ncbi.nlm.nih.gov/sos1/sra-pub-zq-38/ERR009/9751/ERR9751800/ERR9751800.lite.1,ERX9299647,,OTHER,RANDOM,GENOMIC,PAIRED,0,0,ILLUMINA,NextSeq 500,ERP132388,PRJEB48068,,1027201,ERS12014474,SAMEA14409695,simple,562,Escherichia coli,31711DL081_isolate,,,,,,,no,,,,,LOUGHBOROUGH UNIVERSITY,ERA14541746,,public,1095C47D31574CE9688E00B9E66D3210,8B7BD3149910DAD678EF627CC29FD944
ERR9970962,2023-10-10 16:12:07,2023-10-12 07:16:51,1096087,321843550,1096087,293,80,,https://sra-downloadb.be-md.ncbi.nlm.nih.gov/sos1/sra-pub-zq-38/ERR009/9970/ERR9970962/ERR9970962.lite.1,ERX9511970,,OTHER,RANDOM,GENOMIC,PAIRED,0,0,ILLUMINA,NextSeq 500,ERP132388,PRJEB48068,,1027201,ERS12468010,SAMEA110369813,simple,562,Escherichia coli,31712DL165_isolate,,,,,,,no,,,,,LOUGHBOROUGH UNIVERSITY,ERA16480872,,public,B346727C19F0FCF29E3A4977090508E2,BC8F2B8BE646AC32CEC30A8A395F61BC
ERR9966530,2023-10-10 16:21:18,2023-10-12 08:55:47,869012,248234909,869012,285,62,,https://sra-downloadb.be-md.ncbi.nlm.nih.gov/sos1/sra-pub-zq-38/ERR009/9966/ERR9966530/ERR9966530.lite.1,ERX9508307,,OTHER,RANDOM,GENOMIC,PAIRED,0,0,ILLUMINA,NextSeq 500,ERP132388,PRJEB48068,,1027201,ERS12468011,SAMEA110369814,simple,562,Escherichia coli,31712DL183_isolate,,,,,,,no,,,,,LOUGHBOROUGH UNIVERSITY,ERA16476808,,public,4B75B0EE3AB8D692BD96292A8E3311B6,4C5973E4A90A64D8E8243042E4A5C665
ERR9966529,2023-10-10 08:24:34,2023-10-12 03:30:15,893371,254705005,893371,285,64,,https://sra-downloadb.be-md.ncbi.nlm.nih.gov/sos1/sra-pub-zq-38/ERR009/9966/ERR9966529/ERR9966529.lite.1,ERX9508306,,OTHER,RANDOM,GENOMIC,PAIRED,0,0,ILLUMINA,NextSeq 500,ERP132388,PRJEB48068,,1027201,ERS12468011,SAMEA110369814,simple,562,Escherichia coli,31712DL183_isolate,,,,,,,no,,,,,LOUGHBOROUGH UNIVERSITY,ERA16476807,,public,8FB10DEBD91B6D8D22A6C63B42C6FD8D,7BE82D485E48A978486B15F4F726C7B3
ERR9966532,2023-10-10 08:48:59,2023-10-12 03:59:18,885014,252791344,885014,285,63,,https://sra-downloadb.be-md.ncbi.nlm.nih.gov/sos1/sra-pub-zq-38/ERR009/9966/ERR9966532/ERR9966532.lite.1,ERX9508309,,OTHER,RANDOM,GENOMIC,PAIRED,0,0,ILLUMINA,NextSeq 500,ERP132388,PRJEB48068,,1027201,ERS12468011,SAMEA110369814,simple,562,Escherichia coli,31712DL183_isolate,,,,,,,no,,,,,LOUGHBOROUGH UNIVERSITY,ERA16476812,,public,22D948C058AB8D7B99DD3F3AD99AB777,621B06578D552BA41B6643045939CD3A
ERR9752798,2023-10-10 08:24:34,2023-10-12 03:30:30,967852,278327312,967852,287,70,,https://sra-downloadb.be-md.ncbi.nlm.nih.gov/sos1/sra-pub-zq-38/ERR009/9752/ERR9752798/ERR9752798.lite.1,ERX9300645,,OTHER,RANDOM,GENOMIC,PAIRED,0,0,ILLUMINA,NextSeq 500,ERP132388,PRJEB48068,,1027201,ERS12014477,SAMEA14409698,simple,562,Escherichia coli,31911DL070_isolate,,,,,,,no,,,,,LOUGHBOROUGH UNIVERSITY,ERA14573602,,public,3818D3219D4F9CFE3D4EA24BD6B90984,B24F296F71AA41A601507F48347D2AAC
ERR9752800,2023-10-10 08:39:39,2023-10-12 03:48:25,958636,275664537,958636,287,69,,https://sra-downloadb.be-md.ncbi.nlm.nih.gov/sos1/sra-pub-zq-38/ERR009/9752/ERR9752800/ERR9752800.lite.1,ERX9300647,,OTHER,RANDOM,GENOMIC,PAIRED,0,0,ILLUMINA,NextSeq 500,ERP132388,PRJEB48068,,1027201,ERS12014477,SAMEA14409698,simple,562,Escherichia coli,31911DL070_isolate,,,,,,,no,,,,,LOUGHBOROUGH UNIVERSITY,ERA14573647,,public,059A8D5A67311CC1ECA4238A85FFE7C7,E30A6A233267A2000E8743A49586C7B7
ERR9752795,2023-10-10 16:21:18,2023-10-12 08:59:56,972109,279160905,972109,287,70,,https://sra-downloadb.be-md.ncbi.nlm.nih.gov/sos1/sra-pub-zq-38/ERR009/9752/ERR9752795/ERR9752795.lite.1,ERX9300642,,OTHER,RANDOM,GENOMIC,PAIRED,0,0,ILLUMINA,NextSeq 500,ERP132388,PRJEB48068,,1027201,ERS12014477,SAMEA14409698,simple,562,Escherichia coli,31911DL070_isolate,,,,,,,no,,,,,LOUGHBOROUGH UNIVERSITY,ERA14573148,,public,420EF76260848327CC08FBA14CB867AF,2C72C2B4EBE3BFBAE07FDE1D0BA01311
ERR9966561,2023-10-10 16:07:00,2023-10-30 07:15:57,844197,246096251,844197,291,62,,https://sra-downloadb.be-md.ncbi.nlm.nih.gov/sos9/sra-pub-zq-924/ERR009/9966/ERR9966561/ERR9966561.lite.1,ERX9508338,,OTHER,RANDOM,GENOMIC,PAIRED,0,0,ILLUMINA,NextSeq 500,ERP132388,PRJEB48068,,1027201,ERS12468015,SAMEA110369818,simple,562,Escherichia coli,322222DL180_isolate,,,,,,,no,,,,,LOUGHBOROUGH UNIVERSITY,ERA16476834,,public,6F8A926282861D807CA949FBF0343768,AF8DBCD34D3551F7E99C2A4B31B46634
ERR9966546,2023-10-10 16:07:00,2023-10-12 05:54:32,850536,247730463,850536,291,62,,https://sra-downloadb.be-md.ncbi.nlm.nih.gov/sos1/sra-pub-zq-38/ERR009/9966/ERR9966546/ERR9966546.lite.1,ERX9508323,,OTHER,RANDOM,GENOMIC,PAIRED,0,0,ILLUMINA,NextSeq 500,ERP132388,PRJEB48068,,1027201,ERS12468015,SAMEA110369818,simple,562,Escherichia coli,322222DL180_isolate,,,,,,,no,,,,,LOUGHBOROUGH UNIVERSITY,ERA16476828,,public,FB6DDEA276DCF7233C0FD0D03E5FEE34,1B1820714B5718F4DFE0FD2DD1030807
ERR9752631,2023-10-10 16:12:07,2023-10-12 06:41:41,2889997,823280203,2889997,284,210,,https://sra-downloadb.be-md.ncbi.nlm.nih.gov/sos1/sra-pub-zq-38/ERR009/9752/ERR9752631/ERR9752631.lite.1,ERX9300478,,OTHER,RANDOM,GENOMIC,PAIRED,0,0,ILLUMINA,NextSeq 500,ERP132388,PRJEB48068,,1027201,ERS12014423,SAMEA14409644,simple,562,Escherichia coli,11611TR005_isolate,,,,,,,no,,,,,LOUGHBOROUGH UNIVERSITY,ERA14549046,,public,1B3FA283DFEE716E7615B2CAB9471A9F,B9EDBAF962148147727AB3B576ABB26C
ERR9752483,2023-10-10 08:24:34,2023-10-12 03:33:25,3115893,887191163,3115893,284,226,,https://sra-downloadb.be-md.ncbi.nlm.nih.gov/sos1/sra-pub-zq-38/ERR009/9752/ERR9752483/ERR9752483.lite.1,ERX9300330,,OTHER,RANDOM,GENOMIC,PAIRED,0,0,ILLUMINA,NextSeq 500,ERP132388,PRJEB48068,,1027201,ERS12014361,SAMEA14409582,simple,562,Escherichia coli,121112TR111_isolate,,,,,,,no,,,,,LOUGHBOROUGH UNIVERSITY,ERA14545085,,public,02C84878AF9123E6FF1963744A85737A,BEC665333C6E42A6F0C7915AE56D4428
ERR9745893,2023-10-10 08:24:34,2023-10-12 03:34:06,1243712,354762640,1243712,285,89,,https://sra-downloadb.be-md.ncbi.nlm.nih.gov/sos1/sra-pub-zq-38/ERR009/9745/ERR9745893/ERR9745893.lite.1,ERX9293873,,OTHER,RANDOM,GENOMIC,PAIRED,0,0,ILLUMINA,NextSeq 500,ERP132388,PRJEB48068,,1027201,ERS12014393,SAMEA14409614,simple,562,Escherichia coli,311312DL181_isolate,,,,,,,no,,,,,LOUGHBOROUGH UNIVERSITY,ERA14491216,,public,3B615C4D14C2438A5AD43B9C946973BA,5B55AD38E91E014A8C9062F5041904A4
ERR9745891,2023-10-10 08:48:59,2023-10-12 03:58:44,1248479,355446195,1248479,284,90,,https://sra-downloadb.be-md.ncbi.nlm.nih.gov/sos1/sra-pub-zq-38/ERR009/9745/ERR9745891/ERR9745891.lite.1,ERX9293871,,OTHER,RANDOM,GENOMIC,PAIRED,0,0,ILLUMINA,NextSeq 500,ERP132388,PRJEB48068,,1027201,ERS12014393,SAMEA14409614,simple,562,Escherichia coli,311312DL181_isolate,,,,,,,no,,,,,LOUGHBOROUGH UNIVERSITY,ERA14490897,,public,0D138B2ACF9F843431F6AE879FEFE969,D311106024B601B8853F85BFD9528E04
ERR9744435,2023-10-10 08:48:59,2023-10-12 03:59:17,1676786,470300780,1676786,280,119,,https://sra-downloadb.be-md.ncbi.nlm.nih.gov/sos1/sra-pub-zq-38/ERR009/9744/ERR9744435/ERR9744435.lite.1,ERX9292925,,OTHER,RANDOM,GENOMIC,PAIRED,0,0,ILLUMINA,NextSeq 500,ERP132388,PRJEB48068,,1027201,ERS12014437,SAMEA14409658,simple,562,Escherichia coli,12611TR016_isolate,,,,,,,no,,,,,LOUGHBOROUGH UNIVERSITY,ERA14462401,,public,192B61B2C908374F3970D58E5A930C92,9BD5E28CED5DBA1206B4EDF146D76917
ERR9752685,2023-10-10 08:48:59,2023-10-12 04:01:36,2583784,734555017,2583784,284,187,,https://sra-downloadb.be-md.ncbi.nlm.nih.gov/sos1/sra-pub-zq-38/ERR009/9752/ERR9752685/ERR9752685.lite.1,ERX9300532,,OTHER,RANDOM,GENOMIC,PAIRED,0,0,ILLUMINA,NextSeq 500,ERP132388,PRJEB48068,,1027201,ERS12014437,SAMEA14409658,simple,562,Escherichia coli,12611TR016_isolate,,,,,,,no,,,,,LOUGHBOROUGH UNIVERSITY,ERA14552828,,public,E249DC64B5E639894A9DBDB83924C0B4,3758E7633925238CFF18188B06568079
ERR9743712,2023-10-10 08:24:34,2023-10-12 03:18:53,1485075,417756188,1485075,281,105,,https://sra-downloadb.be-md.ncbi.nlm.nih.gov/sos1/sra-pub-zq-38/ERR009/9743/ERR9743712/ERR9743712.lite.1,ERX9292185,,OTHER,RANDOM,GENOMIC,PAIRED,0,0,ILLUMINA,NextSeq 500,ERP132388,PRJEB48068,,1027201,ERS12014439,SAMEA14409660,simple,562,Escherichia coli,211011TF021_isolate,,,,,,,no,,,,,LOUGHBOROUGH UNIVERSITY,ERA14455377,,public,9B302C0A862EDEAEB7D700EB7F5AD6BE,29210068D53DBE76C4C85A5B3FE825C5
ERR9744285,2023-10-10 15:50:20,2023-10-12 05:45:10,1480046,415659438,1480046,280,105,,https://sra-downloadb.be-md.ncbi.nlm.nih.gov/sos1/sra-pub-zq-38/ERR009/9744/ERR9744285/ERR9744285.lite.1,ERX9292757,,OTHER,RANDOM,GENOMIC,PAIRED,0,0,ILLUMINA,NextSeq 500,ERP132388,PRJEB48068,,1027201,ERS12014439,SAMEA14409660,simple,562,Escherichia coli,211011TF021_isolate,,,,,,,no,,,,,LOUGHBOROUGH UNIVERSITY,ERA14455743,,public,C570FA5CED0FC85B07CD5D0E1BAC367B,B002FB1099371BC028D51FAA7938C305
ERR9743999,2023-10-10 16:12:07,2023-10-12 06:40:13,1477779,415543438,1477779,281,105,,https://sra-downloadb.be-md.ncbi.nlm.nih.gov/sos1/sra-pub-zq-38/ERR009/9743/ERR9743999/ERR9743999.lite.1,ERX9292471,,OTHER,RANDOM,GENOMIC,PAIRED,0,0,ILLUMINA,NextSeq 500,ERP132388,PRJEB48068,,1027201,ERS12014439,SAMEA14409660,simple,562,Escherichia coli,211011TF021_isolate,,,,,,,no,,,,,LOUGHBOROUGH UNIVERSITY,ERA14455562,,public,0DE1A4BBA58CAB76A2619978730F8D10,D4BAC4A1D5DAD7D8F772A67B58BF83A5
ERR9751645,2023-10-10 08:11:58,2023-10-12 03:16:33,2327414,676034710,2327414,290,171,,https://sra-downloadb.be-md.ncbi.nlm.nih.gov/sos1/sra-pub-zq-38/ERR009/9751/ERR9751645/ERR9751645.lite.1,ERX9299492,,OTHER,RANDOM,GENOMIC,PAIRED,0,0,ILLUMINA,NextSeq 500,ERP132388,PRJEB48068,,1027201,ERS12014433,SAMEA14409654,simple,562,Escherichia coli,12511TR016_isolate,,,,,,,no,,,,,LOUGHBOROUGH UNIVERSITY,ERA14540198,,public,B48DD3CC8650498B76F3D0DABD987AF1,9C603CE2B96E017F109B6616F48BA3E1
ERR9752541,2023-10-10 16:12:07,2023-10-12 07:15:31,2357306,669657407,2357306,284,171,,https://sra-downloadb.be-md.ncbi.nlm.nih.gov/sos1/sra-pub-zq-38/ERR009/9752/ERR9752541/ERR9752541.lite.1,ERX9300388,,OTHER,RANDOM,GENOMIC,PAIRED,0,0,ILLUMINA,NextSeq 500,ERP132388,PRJEB48068,,1027201,ERS12014374,SAMEA14409595,simple,562,Escherichia coli,21412TF122_isolate,,,,,,,no,,,,,LOUGHBOROUGH UNIVERSITY,ERA14546553,,public,90F9364B71F4BA2837DF8300C746578F,5E225D5EACB367DF001ECDBA7489DAE4
ERR9970961,2023-10-10 08:11:58,2023-10-11 23:08:11,1074707,315459951,1074707,293,79,,https://sra-downloadb.be-md.ncbi.nlm.nih.gov/sos1/sra-pub-zq-38/ERR009/9970/ERR9970961/ERR9970961.lite.1,ERX9511969,,OTHER,RANDOM,GENOMIC,PAIRED,0,0,ILLUMINA,NextSeq 500,ERP132388,PRJEB48068,,1027201,ERS12468010,SAMEA110369813,simple,562,Escherichia coli,31712DL165_isolate,,,,,,,no,,,,,LOUGHBOROUGH UNIVERSITY,ERA16480871,,public,32D0E5330F29F2D1C3E639627F1FE924,322AFCA1AFFECA16245924275265D8A1
ERR9970963,2023-10-10 08:24:34,2023-10-12 03:17:27,1090980,320263142,1090980,293,80,,https://sra-downloadb.be-md.ncbi.nlm.nih.gov/sos1/sra-pub-zq-38/ERR009/9970/ERR9970963/ERR9970963.lite.1,ERX9511971,,OTHER,RANDOM,GENOMIC,PAIRED,0,0,ILLUMINA,NextSeq 500,ERP132388,PRJEB48068,,1027201,ERS12468010,SAMEA110369813,simple,562,Escherichia coli,31712DL165_isolate,,,,,,,no,,,,,LOUGHBOROUGH UNIVERSITY,ERA16480874,,public,A1BE4022C5042649E0379B89DA1FEA13,0EF5BC78CA1881C9617B3420B292D997
ERR9745530,2023-10-10 08:48:59,2023-10-12 04:01:06,1252645,356831794,1252645,284,90,,https://sra-downloadb.be-md.ncbi.nlm.nih.gov/sos1/sra-pub-zq-38/ERR009/9745/ERR9745530/ERR9745530.lite.1,ERX9293510,,OTHER,RANDOM,GENOMIC,PAIRED,0,0,ILLUMINA,NextSeq 500,ERP132388,PRJEB48068,,1027201,ERS12014367,SAMEA14409588,simple,562,Escherichia coli,12612TR111_isolate,,,,,,,no,,,,,LOUGHBOROUGH UNIVERSITY,ERA14488276,,public,311F58D1325B898281F241FE8FE9E15C,AD498D72B4EBE1C4F0BD6642A338CC02
ERR9744343,2023-10-10 08:39:39,2023-10-12 03:42:30,1273168,360752184,1273168,283,91,,https://sra-downloadb.be-md.ncbi.nlm.nih.gov/sos1/sra-pub-zq-38/ERR009/9744/ERR9744343/ERR9744343.lite.1,ERX9292815,,OTHER,RANDOM,GENOMIC,PAIRED,0,0,ILLUMINA,NextSeq 500,ERP132388,PRJEB48068,,1027201,ERS12014441,SAMEA14409662,simple,562,Escherichia coli,211011TF029_isolate,,,,,,,no,,,,,LOUGHBOROUGH UNIVERSITY,ERA14459252,,public,B574DBA3125CE869300228BDE2C174A6,25531C51C5B998FF9AEFD83C1DA0E63A
ERR9744339,2023-10-10 16:21:18,2023-10-12 08:52:37,1275743,360599454,1275743,282,91,,https://sra-downloadb.be-md.ncbi.nlm.nih.gov/sos1/sra-pub-zq-38/ERR009/9744/ERR9744339/ERR9744339.lite.1,ERX9292811,,OTHER,RANDOM,GENOMIC,PAIRED,0,0,ILLUMINA,NextSeq 500,ERP132388,PRJEB48068,,1027201,ERS12014441,SAMEA14409662,simple,562,Escherichia coli,211011TF029_isolate,,,,,,,no,,,,,LOUGHBOROUGH UNIVERSITY,ERA14458954,,public,06634C5F8A640C61B268AFE7787555CF,EB9BB0DC505337E2A4DA1F6217D85E3D
ERR9745887,2023-10-10 16:07:00,2023-10-12 05:52:52,1360756,390786905,1360756,287,98,,https://sra-downloadb.be-md.ncbi.nlm.nih.gov/sos1/sra-pub-zq-38/ERR009/9745/ERR9745887/ERR9745887.lite.1,ERX9293867,,OTHER,RANDOM,GENOMIC,PAIRED,0,0,ILLUMINA,NextSeq 500,ERP132388,PRJEB48068,,1027201,ERS12014371,SAMEA14409592,simple,562,Escherichia coli,211012TF125_isolate,,,,,,,no,,,,,LOUGHBOROUGH UNIVERSITY,ERA14490425,,public,47921A3437DA04D1ECD67B2AB075B228,A5E4B846FEA8F3690EB99939EB40D892
ERR9745888,2023-10-10 16:12:07,2023-10-12 06:31:13,1354002,388600022,1354002,287,98,,https://sra-downloadb.be-md.ncbi.nlm.nih.gov/sos1/sra-pub-zq-38/ERR009/9745/ERR9745888/ERR9745888.lite.1,ERX9293868,,OTHER,RANDOM,GENOMIC,PAIRED,0,0,ILLUMINA,NextSeq 500,ERP132388,PRJEB48068,,1027201,ERS12014371,SAMEA14409592,simple,562,Escherichia coli,211012TF125_isolate,,,,,,,no,,,,,LOUGHBOROUGH UNIVERSITY,ERA14490594,,public,181B605551D99D38ACFC5E7EFAA9DBEA,6A43CCD6B2B606B273125543CB0171BF
ERR9744335,2023-10-10 08:39:39,2023-10-12 03:51:42,1732719,484974335,1732719,279,123,,https://sra-downloadb.be-md.ncbi.nlm.nih.gov/sos1/sra-pub-zq-38/ERR009/9744/ERR9744335/ERR9744335.lite.1,ERX9292807,,OTHER,RANDOM,GENOMIC,PAIRED,0,0,ILLUMINA,NextSeq 500,ERP132388,PRJEB48068,,1027201,ERS12014448,SAMEA14409669,simple,562,Escherichia coli,21511TF029_isolate,,,,,,,no,,,,,LOUGHBOROUGH UNIVERSITY,ERA14458136,,public,F07583045E19DA3B845F68342CB1DD44,D628B9B1F143B5C927882F7C2497DCC9
ERR9744337,2023-10-10 16:12:07,2023-10-12 06:41:02,1724629,483715178,1724629,280,122,,https://sra-downloadb.be-md.ncbi.nlm.nih.gov/sos1/sra-pub-zq-38/ERR009/9744/ERR9744337/ERR9744337.lite.1,ERX9292809,,OTHER,RANDOM,GENOMIC,PAIRED,0,0,ILLUMINA,NextSeq 500,ERP132388,PRJEB48068,,1027201,ERS12014448,SAMEA14409669,simple,562,Escherichia coli,21511TF029_isolate,,,,,,,no,,,,,LOUGHBOROUGH UNIVERSITY,ERA14458599,,public,AF890FD1037B78DA3EA8C3ED603C9842,76FF652FA27D3F095FBD475EF7E3819E
ERR9745908,2023-10-10 08:11:58,2023-10-11 23:09:11,1478257,419852440,1478257,284,106,,https://sra-downloadb.be-md.ncbi.nlm.nih.gov/sos1/sra-pub-zq-38/ERR009/9745/ERR9745908/ERR9745908.lite.1,ERX9293888,,OTHER,RANDOM,GENOMIC,PAIRED,0,0,ILLUMINA,NextSeq 500,ERP132388,PRJEB48068,,1027201,ERS12014396,SAMEA14409617,simple,562,Escherichia coli,311312DL188_isolate,,,,,,,no,,,,,LOUGHBOROUGH UNIVERSITY,ERA14493305,,public,C694221FF7F113F346038D416E227779,AF822B967D96FDD50EA29FDFA1F1C924
ERR9745907,2023-10-10 08:39:39,2023-10-12 03:46:02,1491069,423775945,1491069,284,107,,https://sra-downloadb.be-md.ncbi.nlm.nih.gov/sos1/sra-pub-zq-38/ERR009/9745/ERR9745907/ERR9745907.lite.1,ERX9293887,,OTHER,RANDOM,GENOMIC,PAIRED,0,0,ILLUMINA,NextSeq 500,ERP132388,PRJEB48068,,1027201,ERS12014396,SAMEA14409617,simple,562,Escherichia coli,311312DL188_isolate,,,,,,,no,,,,,LOUGHBOROUGH UNIVERSITY,ERA14493152,,public,BF6014E5D8810BFAE4A443C8C8E4EDC2,B2BD9F4862266C0B4A29E4F2137843FC
ERR9746258,2023-10-10 15:50:21,2023-10-12 05:04:16,4305947,1251789614,4305947,290,316,,https://sra-downloadb.be-md.ncbi.nlm.nih.gov/sos1/sra-pub-zq-38/ERR009/9746/ERR9746258/ERR9746258.lite.1,ERX9294212,,OTHER,RANDOM,GENOMIC,PAIRED,0,0,ILLUMINA,NextSeq 500,ERP132388,PRJEB48068,,1027201,ERS12014457,SAMEA14409678,simple,562,Escherichia coli,21911TF037_isolate,,,,,,,no,,,,,LOUGHBOROUGH UNIVERSITY,ERA14535709,,public,661BB2F7A22A532A918EBEF11763E1B2,0C0390EE84C5097F766CD48335D8A6BE
ERR9751608,2023-10-10 16:12:07,2023-10-12 08:53:42,5116109,1476712868,5116109,288,374,,https://sra-downloadb.be-md.ncbi.nlm.nih.gov/sos1/sra-pub-zq-38/ERR009/9751/ERR9751608/ERR9751608.lite.1,ERX9299455,,OTHER,RANDOM,GENOMIC,PAIRED,0,0,ILLUMINA,NextSeq 500,ERP132388,PRJEB48068,,1027201,ERS12014472,SAMEA14409693,simple,562,Escherichia coli,31711DL069_isolate,,,,,,,no,,,,,LOUGHBOROUGH UNIVERSITY,ERA14539700,,public,D0BA9CA1D780934650922A8E2DCE3662,59460111CC517A8AE8B1A166E6F1C8F1
ERR9744459,2023-10-10 08:39:39,2023-10-12 03:40:33,1499825,423675993,1499825,282,107,,https://sra-downloadb.be-md.ncbi.nlm.nih.gov/sos1/sra-pub-zq-38/ERR009/9744/ERR9744459/ERR9744459.lite.1,ERX9292949,,OTHER,RANDOM,GENOMIC,PAIRED,0,0,ILLUMINA,NextSeq 500,ERP132388,PRJEB48068,,1027201,ERS12014444,SAMEA14409665,simple,562,Escherichia coli,21411TF025_isolate,,,,,,,no,,,,,LOUGHBOROUGH UNIVERSITY,ERA14463787,,public,E75BC0329D8570DA4977EB48B83C7A30,D9AD089CB0EACCBD95FD7D69F6814AC6
ERR9751748,2023-10-10 16:12:07,2023-10-12 06:42:11,5075213,1463078503,5075213,288,370,,https://sra-downloadb.be-md.ncbi.nlm.nih.gov/sos1/sra-pub-zq-38/ERR009/9751/ERR9751748/ERR9751748.lite.1,ERX9299595,,OTHER,RANDOM,GENOMIC,PAIRED,0,0,ILLUMINA,NextSeq 500,ERP132388,PRJEB48068,,1027201,ERS12014434,SAMEA14409655,simple,562,Escherichia coli,12511TR019_isolate,,,,,,,no,,,,,LOUGHBOROUGH UNIVERSITY,ERA14541459,,public,22C0044BCC4165187F74A3A11F8DF308,69E3BDCAD8DAD0435BB3233EA98C96FA
ERR9752705,2023-10-10 08:11:58,2023-10-11 23:10:44,2418435,687511194,2418435,284,175,,https://sra-downloadb.be-md.ncbi.nlm.nih.gov/sos1/sra-pub-zq-38/ERR009/9752/ERR9752705/ERR9752705.lite.1,ERX9300552,,OTHER,RANDOM,GENOMIC,PAIRED,0,0,ILLUMINA,NextSeq 500,ERP132388,PRJEB48068,,1027201,ERS12014409,SAMEA14409630,simple,562,Escherichia coli,31912DL161_isolate,,,,,,,no,,,,,LOUGHBOROUGH UNIVERSITY,ERA14554372,,public,486341AF98AE9F341FAA66D037E632BA,77923D70CDB67D564955F6D644FB1471
ERR9970170,2023-10-10 16:12:07,2023-10-12 07:19:07,1009007,293837080,1009007,291,74,,https://sra-downloadb.be-md.ncbi.nlm.nih.gov/sos1/sra-pub-zq-38/ERR009/9970/ERR9970170/ERR9970170.lite.1,ERX9511880,,OTHER,RANDOM,GENOMIC,PAIRED,0,0,ILLUMINA,NextSeq 500,ERP132388,PRJEB48068,,1027201,ERS12468003,SAMEA110369806,simple,562,Escherichia coli,311311DL064_isolate,,,,,,,no,,,,,LOUGHBOROUGH UNIVERSITY,ERA16480768,,public,7BC44BD5B8991FF44A5D690DF4DB84BC,E4A1B082AABA707830D044113B7CC667
ERR9744970,2023-10-10 08:24:34,2023-10-12 03:33:52,1269656,360983275,1269656,284,91,,https://sra-downloadb.be-md.ncbi.nlm.nih.gov/sos1/sra-pub-zq-38/ERR009/9744/ERR9744970/ERR9744970.lite.1,ERX9293460,,OTHER,RANDOM,GENOMIC,PAIRED,0,0,ILLUMINA,NextSeq 500,ERP132388,PRJEB48068,,1027201,ERS12014353,SAMEA14409574,simple,562,Escherichia coli,11612TR102_isolate,,,,,,,no,,,,,LOUGHBOROUGH UNIVERSITY,ERA14473979,,public,BC955C6AACE6C450911BDBDBC9E74FC1,FFDCA6754D6634B52133D7F44EAF928A
ERR9744984,2023-10-10 08:39:39,2023-10-12 03:52:57,1275440,363621238,1275440,285,92,,https://sra-downloadb.be-md.ncbi.nlm.nih.gov/sos1/sra-pub-zq-38/ERR009/9744/ERR9744984/ERR9744984.lite.1,ERX9293474,,OTHER,RANDOM,GENOMIC,PAIRED,0,0,ILLUMINA,NextSeq 500,ERP132388,PRJEB48068,,1027201,ERS12014358,SAMEA14409579,simple,562,Escherichia coli,11612TR110_isolate,,,,,,,no,,,,,LOUGHBOROUGH UNIVERSITY,ERA14481015,,public,A970940DF1138AE2D0CFBF8D9FBAA41B,F599497AEA1043585C3BB3418EAB2F87
ERR9752645,2023-10-10 08:24:34,2023-10-12 03:31:18,3778777,1085309616,3778777,287,275,,https://sra-downloadb.be-md.ncbi.nlm.nih.gov/sos1/sra-pub-zq-38/ERR009/9752/ERR9752645/ERR9752645.lite.1,ERX9300492,,OTHER,RANDOM,GENOMIC,PAIRED,0,0,ILLUMINA,NextSeq 500,ERP132388,PRJEB48068,,1027201,ERS12014346,SAMEA14409567,simple,562,Escherichia coli,111212TR109_isolate,,,,,,,no,,,,,LOUGHBOROUGH UNIVERSITY,ERA14550093,,public,ED3979C725D25E330BF73338418E6E2C,71F42445C8F9B8AD452B478822F5A739
ERR9744575,2023-10-10 08:39:39,2023-10-12 03:43:24,1721212,480919224,1721212,279,122,,https://sra-downloadb.be-md.ncbi.nlm.nih.gov/sos1/sra-pub-zq-38/ERR009/9744/ERR9744575/ERR9744575.lite.1,ERX9293065,,OTHER,RANDOM,GENOMIC,PAIRED,0,0,ILLUMINA,NextSeq 500,ERP132388,PRJEB48068,,1027201,ERS12014459,SAMEA14409680,simple,562,Escherichia coli,311011DL070_isolate,,,,,,,no,,,,,LOUGHBOROUGH UNIVERSITY,ERA14465987,,public,DF2ADE030177DFE009FD422EC3CDF18F,FDD91B55E6BC3BAF4CF74F3AD951C1B2
ERR9752479,2023-10-10 16:07:00,2023-10-12 05:50:56,2507216,715581954,2507216,285,182,,https://sra-downloadb.be-md.ncbi.nlm.nih.gov/sos1/sra-pub-zq-38/ERR009/9752/ERR9752479/ERR9752479.lite.1,ERX9300326,,OTHER,RANDOM,GENOMIC,PAIRED,0,0,ILLUMINA,NextSeq 500,ERP132388,PRJEB48068,,1027201,ERS12014360,SAMEA14409581,simple,562,Escherichia coli,11912TR109_isolate,,,,,,,no,,,,,LOUGHBOROUGH UNIVERSITY,ERA14544391,,public,7D03B57BDED7D4B6CD894DAC6EB0616F,BF4E7062FFB90EFEAF823901932E2B6F
ERR9744964,2023-10-10 08:06:22,2023-10-11 23:07:34,1626556,457221902,1626556,281,115,,https://sra-downloadb.be-md.ncbi.nlm.nih.gov/sos1/sra-pub-zq-38/ERR009/9744/ERR9744964/ERR9744964.lite.1,ERX9293454,,OTHER,RANDOM,GENOMIC,PAIRED,0,0,ILLUMINA,NextSeq 500,ERP132388,PRJEB48068,,1027201,ERS12014447,SAMEA14409668,simple,562,Escherichia coli,21511TF025_isolate,,,,,,,no,,,,,LOUGHBOROUGH UNIVERSITY,ERA14470995,,public,61909D656767647CDDCC725E4ACE7332,964619ADC1A5A0592BB531737867198E
ERR9744968,2023-10-10 08:24:34,2023-10-12 03:34:50,1622109,457005440,1622109,281,115,,https://sra-downloadb.be-md.ncbi.nlm.nih.gov/sos1/sra-pub-zq-38/ERR009/9744/ERR9744968/ERR9744968.lite.1,ERX9293458,,OTHER,RANDOM,GENOMIC,PAIRED,0,0,ILLUMINA,NextSeq 500,ERP132388,PRJEB48068,,1027201,ERS12014447,SAMEA14409668,simple,562,Escherichia coli,21511TF025_isolate,,,,,,,no,,,,,LOUGHBOROUGH UNIVERSITY,ERA14472519,,public,6770A58CC0AB6B2FE25EFC010348855E,AD498BE068E52C85B2802F954F498652
ERR9966538,2023-10-10 08:48:59,2023-10-12 03:59:26,803613,233907629,803613,291,59,,https://sra-downloadb.be-md.ncbi.nlm.nih.gov/sos1/sra-pub-zq-38/ERR009/9966/ERR9966538/ERR9966538.lite.1,ERX9508315,,OTHER,RANDOM,GENOMIC,PAIRED,0,0,ILLUMINA,NextSeq 500,ERP132388,PRJEB48068,,1027201,ERS12468013,SAMEA110369816,simple,562,Escherichia coli,31712DL187_isolate,,,,,,,no,,,,,LOUGHBOROUGH UNIVERSITY,ERA16476819,,public,4B50F4C83274B9E799E761305430E7DB,6F786A732C055B4567DCBB13A9F980A1
ERR9966537,2023-10-10 16:07:00,2023-10-12 05:47:12,822744,239190872,822744,290,60,,https://sra-downloadb.be-md.ncbi.nlm.nih.gov/sos1/sra-pub-zq-38/ERR009/9966/ERR9966537/ERR9966537.lite.1,ERX9508314,,OTHER,RANDOM,GENOMIC,PAIRED,0,0,ILLUMINA,NextSeq 500,ERP132388,PRJEB48068,,1027201,ERS12468013,SAMEA110369816,simple,562,Escherichia coli,31712DL187_isolate,,,,,,,no,,,,,LOUGHBOROUGH UNIVERSITY,ERA16476818,,public,D4A0CD07C3DD5B7EB061DF81C1C368D7,F56C9F764EDA50E4F264D9440FE3978F
ERR9752599,2023-10-10 16:07:00,2023-10-12 06:30:38,3526820,1024515952,3526820,290,259,,https://sra-downloadb.be-md.ncbi.nlm.nih.gov/sos1/sra-pub-zq-38/ERR009/9752/ERR9752599/ERR9752599.lite.1,ERX9300446,,OTHER,RANDOM,GENOMIC,PAIRED,0,0,ILLUMINA,NextSeq 500,ERP132388,PRJEB48068,,1027201,ERS12014352,SAMEA14409573,simple,562,Escherichia coli,11612TR101_isolate,,,,,,,no,,,,,LOUGHBOROUGH UNIVERSITY,ERA14548130,,public,3E102E0B8BDD59C7E6B4E4480EB2509B,346CF2C49550E73BE449CF77FC95460F
ERR9752733,2023-10-10 08:48:59,2023-10-12 04:05:23,2659035,755755894,2659035,284,193,,https://sra-downloadb.be-md.ncbi.nlm.nih.gov/sos1/sra-pub-zq-38/ERR009/9752/ERR9752733/ERR9752733.lite.1,ERX9300580,,OTHER,RANDOM,GENOMIC,PAIRED,0,0,ILLUMINA,NextSeq 500,ERP132388,PRJEB48068,,1027201,ERS12014382,SAMEA14409603,simple,562,Escherichia coli,21612TF130_isolate,,,,,,,no,,,,,LOUGHBOROUGH UNIVERSITY,ERA14557195,,public,48AC95ABAEAEAB08612C3C085EB75C6E,5BD455E2E95203460995F82BEBBF55DE
ERR9752716,2023-10-10 08:39:39,2023-10-12 03:50:18,3123360,891776303,3123360,285,227,,https://sra-downloadb.be-md.ncbi.nlm.nih.gov/sos1/sra-pub-zq-38/ERR009/9752/ERR9752716/ERR9752716.lite.1,ERX9300563,,OTHER,RANDOM,GENOMIC,PAIRED,0,0,ILLUMINA,NextSeq 500,ERP132388,PRJEB48068,,1027201,ERS12014406,SAMEA14409627,simple,562,Escherichia coli,31712DL164_isolate,,,,,,,no,,,,,LOUGHBOROUGH UNIVERSITY,ERA14555653,,public,D7A9FAB216F1C1A460451BBB77E9F945,1FB7B6AE84CF83231B81A1F9368C70AA
ERR9745538,2023-10-10 16:21:18,2023-10-12 08:59:14,1403759,395820862,1403759,281,100,,https://sra-downloadb.be-md.ncbi.nlm.nih.gov/sos1/sra-pub-zq-38/ERR009/9745/ERR9745538/ERR9745538.lite.1,ERX9293518,,OTHER,RANDOM,GENOMIC,PAIRED,0,0,ILLUMINA,NextSeq 500,ERP132388,PRJEB48068,,1027201,ERS12014369,SAMEA14409590,simple,562,Escherichia coli,12612TR113_isolate,,,,,,,no,,,,,LOUGHBOROUGH UNIVERSITY,ERA14489366,,public,F16CCE8CD42B12BE7E365E5260246916,27B26DE6771821FF862276ECCCE1E3F2
ERR9752640,2023-10-10 08:11:58,2023-10-11 23:09:21,4146843,1203503577,4146843,290,304,,https://sra-downloadb.be-md.ncbi.nlm.nih.gov/sos1/sra-pub-zq-38/ERR009/9752/ERR9752640/ERR9752640.lite.1,ERX9300487,,OTHER,RANDOM,GENOMIC,PAIRED,0,0,ILLUMINA,NextSeq 500,ERP132388,PRJEB48068,,1027201,ERS12014355,SAMEA14409576,simple,562,Escherichia coli,11612TR105_isolate,,,,,,,no,,,,,LOUGHBOROUGH UNIVERSITY,ERA14549531,,public,FE56B84F20A7EFE2DBB8A154445FABF4,29070CDF968A1AAC8497DB3A15F092AA
ERR9752786,2023-10-10 07:46:38,2023-10-11 23:06:36,922301,265718137,922301,288,67,,https://sra-downloadb.be-md.ncbi.nlm.nih.gov/sos1/sra-pub-zq-38/ERR009/9752/ERR9752786/ERR9752786.lite.1,ERX9300633,,OTHER,RANDOM,GENOMIC,PAIRED,0,0,ILLUMINA,NextSeq 500,ERP132388,PRJEB48068,,1027201,ERS12014469,SAMEA14409690,simple,562,Escherichia coli,31711DL061_isolate,,,,,,,no,,,,,LOUGHBOROUGH UNIVERSITY,ERA14568989,,public,9C38FCB3BC168B7542A6637092C4AC89,33B9EBCB0CBB6F51EAF81003B9EAB909
ERR9752784,2023-10-10 08:24:34,2023-10-12 03:32:22,900242,259385578,900242,288,65,,https://sra-downloadb.be-md.ncbi.nlm.nih.gov/sos1/sra-pub-zq-38/ERR009/9752/ERR9752784/ERR9752784.lite.1,ERX9300631,,OTHER,RANDOM,GENOMIC,PAIRED,0,0,ILLUMINA,NextSeq 500,ERP132388,PRJEB48068,,1027201,ERS12014469,SAMEA14409690,simple,562,Escherichia coli,31711DL061_isolate,,,,,,,no,,,,,LOUGHBOROUGH UNIVERSITY,ERA14568400,,public,F8653278FCE3C50F3993B93C8DAE97EE,AA4A31ECCF9B0AB803275BD293700ACE
ERR9750654,2023-10-10 16:07:00,2023-10-12 06:31:15,5332416,1536814918,5332416,288,389,,https://sra-downloadb.be-md.ncbi.nlm.nih.gov/sos1/sra-pub-zq-38/ERR009/9750/ERR9750654/ERR9750654.lite.1,ERX9298602,,OTHER,RANDOM,GENOMIC,PAIRED,0,0,ILLUMINA,NextSeq 500,ERP132388,PRJEB48068,,1027201,ERS12014469,SAMEA14409690,simple,562,Escherichia coli,31711DL061_isolate,,,,,,,no,,,,,LOUGHBOROUGH UNIVERSITY,ERA14536877,,public,57D4912CD74C9C9D2C39814157F31797,AAE6351192D534EB44C53460BCB40B3B
ERR9752720,2023-10-10 15:50:21,2023-10-12 05:05:40,2973048,850125520,2973048,285,216,,https://sra-downloadb.be-md.ncbi.nlm.nih.gov/sos1/sra-pub-zq-38/ERR009/9752/ERR9752720/ERR9752720.lite.1,ERX9300567,,OTHER,RANDOM,GENOMIC,PAIRED,0,0,ILLUMINA,NextSeq 500,ERP132388,PRJEB48068,,1027201,ERS12014350,SAMEA14409571,simple,562,Escherichia coli,11512TR102_isolate,,,,,,,no,,,,,LOUGHBOROUGH UNIVERSITY,ERA14556073,,public,A4CF00F278D8B9769B25DA2933343F2C,4835B2AB3EB5AC2065A6EF9B13858770
ERR9744331,2023-10-10 08:39:39,2023-10-12 03:43:36,1585162,449105037,1585162,283,113,,https://sra-downloadb.be-md.ncbi.nlm.nih.gov/sos1/sra-pub-zq-38/ERR009/9744/ERR9744331/ERR9744331.lite.1,ERX9292803,,OTHER,RANDOM,GENOMIC,PAIRED,0,0,ILLUMINA,NextSeq 500,ERP132388,PRJEB48068,,1027201,ERS12014440,SAMEA14409661,simple,562,Escherichia coli,211011TF025_isolate,,,,,,,no,,,,,LOUGHBOROUGH UNIVERSITY,ERA14457573,,public,1300E30BE4A7040EFB1DDFA832B652B5,DEE4D84FCC84070539EC5BB4F9AA4665
ERR9744332,2023-10-10 16:12:07,2023-10-12 06:40:04,1586595,449151909,1586595,283,113,,https://sra-downloadb.be-md.ncbi.nlm.nih.gov/sos1/sra-pub-zq-38/ERR009/9744/ERR9744332/ERR9744332.lite.1,ERX9292804,,OTHER,RANDOM,GENOMIC,PAIRED,0,0,ILLUMINA,NextSeq 500,ERP132388,PRJEB48068,,1027201,ERS12014440,SAMEA14409661,simple,562,Escherichia coli,211011TF025_isolate,,,,,,,no,,,,,LOUGHBOROUGH UNIVERSITY,ERA14457712,,public,00AE25CAAD242202E1AD9C93D0EEBC1B,8E613D5814DA4301DD7E288B2F610D55
ERR9751962,2023-10-10 07:30:48,2023-10-11 23:03:05,7963651,2275437135,7963651,285,577,,https://sra-downloadb.be-md.ncbi.nlm.nih.gov/sos1/sra-pub-zq-38/ERR009/9751/ERR9751962/ERR9751962.lite.1,ERX9299809,,OTHER,RANDOM,GENOMIC,PAIRED,0,0,ILLUMINA,NextSeq 500,ERP132388,PRJEB48068,,1027201,ERS12014403,SAMEA14409624,simple,562,Escherichia coli,31412DL187_isolate,,,,,,,no,,,,,LOUGHBOROUGH UNIVERSITY,ERA14543038,,public,0071DDB30A5D15984290437A39B62312,E6FC569167F2C6BD15AEA8C999DDCEEB
ERR9747130,2023-10-10 16:21:18,2023-10-12 08:56:17,3324539,965823743,3324539,290,244,,https://sra-downloadb.be-md.ncbi.nlm.nih.gov/sos1/sra-pub-zq-38/ERR009/9747/ERR9747130/ERR9747130.lite.1,ERX9295084,,OTHER,RANDOM,GENOMIC,PAIRED,0,0,ILLUMINA,NextSeq 500,ERP132388,PRJEB48068,,1027201,ERS12014458,SAMEA14409679,simple,562,Escherichia coli,311011DL067_isolate,,,,,,,no,,,,,LOUGHBOROUGH UNIVERSITY,ERA14535917,,public,4C1B4A6F5EEBBD160B7716BAFF8E3EF3,8D11B3684A784B3C6B4ACDD72103E2EF
ERR9745014,2023-10-10 08:24:34,2023-10-12 23:47:39,1132814,322950546,1132814,285,81,,https://sra-downloadb.be-md.ncbi.nlm.nih.gov/sos1/sra-pub-zq-38/ERR009/9745/ERR9745014/ERR9745014.lite.1,ERX9293504,,OTHER,RANDOM,GENOMIC,PAIRED,0,0,ILLUMINA,NextSeq 500,ERP132388,PRJEB48068,,1027201,ERS12014366,SAMEA14409587,simple,562,Escherichia coli,12512TR113_isolate,,,,,,,no,,,,,LOUGHBOROUGH UNIVERSITY,ERA14487222,,public,0EAF7D915FAF86AC6796DD4D896D39FB,8326F1CE7018D9A0826508E0F1017452
ERR9750866,2023-10-10 15:50:21,2023-10-12 05:02:20,5493679,1589512425,5493679,289,402,,https://sra-downloadb.be-md.ncbi.nlm.nih.gov/sos1/sra-pub-zq-38/ERR009/9750/ERR9750866/ERR9750866.lite.1,ERX9298814,,OTHER,RANDOM,GENOMIC,PAIRED,0,0,ILLUMINA,NextSeq 500,ERP132388,PRJEB48068,,1027201,ERS12014477,SAMEA14409698,simple,562,Escherichia coli,31911DL070_isolate,,,,,,,no,,,,,LOUGHBOROUGH UNIVERSITY,ERA14537388,,public,D31946063CE9E486B71B07FBB665C1A5,114B72ABF84A9F98A1D6E8BE732B6855
ERR9745535,2023-10-10 07:46:38,2023-10-11 23:07:30,1295323,369105538,1295323,284,93,,https://sra-downloadb.be-md.ncbi.nlm.nih.gov/sos1/sra-pub-zq-38/ERR009/9745/ERR9745535/ERR9745535.lite.1,ERX9293515,,OTHER,RANDOM,GENOMIC,PAIRED,0,0,ILLUMINA,NextSeq 500,ERP132388,PRJEB48068,,1027201,ERS12014368,SAMEA14409589,simple,562,Escherichia coli,12612TR112_isolate,,,,,,,no,,,,,LOUGHBOROUGH UNIVERSITY,ERA14488921,,public,F7E869331B62093E6D5E237E6E0E5FD2,5214B60A29692E24BBEEF43D64B9C6C9
ERR9745533,2023-10-10 08:24:34,2023-10-12 03:34:26,1308870,373649756,1308870,285,94,,https://sra-downloadb.be-md.ncbi.nlm.nih.gov/sos1/sra-pub-zq-38/ERR009/9745/ERR9745533/ERR9745533.lite.1,ERX9293513,,OTHER,RANDOM,GENOMIC,PAIRED,0,0,ILLUMINA,NextSeq 500,ERP132388,PRJEB48068,,1027201,ERS12014368,SAMEA14409589,simple,562,Escherichia coli,12612TR112_isolate,,,,,,,no,,,,,LOUGHBOROUGH UNIVERSITY,ERA14488695,,public,008A9E63E0C474FEAC421E85D63FEDBA,99260EDFA1962BDE8D3FE61D7F353100
ERR9745531,2023-10-10 08:48:59,2023-10-12 03:55:05,1312425,373705191,1312425,284,94,,https://sra-downloadb.be-md.ncbi.nlm.nih.gov/sos1/sra-pub-zq-38/ERR009/9745/ERR9745531/ERR9745531.lite.1,ERX9293511,,OTHER,RANDOM,GENOMIC,PAIRED,0,0,ILLUMINA,NextSeq 500,ERP132388,PRJEB48068,,1027201,ERS12014368,SAMEA14409589,simple,562,Escherichia coli,12612TR112_isolate,,,,,,,no,,,,,LOUGHBOROUGH UNIVERSITY,ERA14488494,,public,86A333D0122D915AAED7A1DA3202D741,6A36DE11DD5E7351438DE395898AD7F5
ERR9752674,2023-10-10 15:50:21,2023-10-12 05:04:52,4664042,1339856584,4664042,287,339,,https://sra-downloadb.be-md.ncbi.nlm.nih.gov/sos1/sra-pub-zq-38/ERR009/9752/ERR9752674/ERR9752674.lite.1,ERX9300521,,OTHER,RANDOM,GENOMIC,PAIRED,0,0,ILLUMINA,NextSeq 500,ERP132388,PRJEB48068,,1027201,ERS12014385,SAMEA14409606,simple,562,Escherichia coli,21912TF130_isolate,,,,,,,no,,,,,LOUGHBOROUGH UNIVERSITY,ERA14552198,,public,3DE956440C80EF9F185230ED495193C7,8E5113FE476B0DD97D5FC96BD0B209DA
ERR9752793,2023-10-10 08:24:34,2023-10-12 03:24:18,1186034,346364402,1186034,292,87,,https://sra-downloadb.be-md.ncbi.nlm.nih.gov/sos1/sra-pub-zq-38/ERR009/9752/ERR9752793/ERR9752793.lite.1,ERX9300640,,OTHER,RANDOM,GENOMIC,PAIRED,0,0,ILLUMINA,NextSeq 500,ERP132388,PRJEB48068,,1027201,ERS12014470,SAMEA14409691,simple,562,Escherichia coli,31711DL062_isolate,,,,,,,no,,,,,LOUGHBOROUGH UNIVERSITY,ERA14572696,,public,8295F2EECF8477A9BBDE798664AB431B,85BB6098AF1F87A3DF8932B027C9AF65
ERR9752789,2023-10-10 08:24:34,2023-10-12 03:24:36,1204695,351530653,1204695,291,88,,https://sra-downloadb.be-md.ncbi.nlm.nih.gov/sos1/sra-pub-zq-38/ERR009/9752/ERR9752789/ERR9752789.lite.1,ERX9300636,,OTHER,RANDOM,GENOMIC,PAIRED,0,0,ILLUMINA,NextSeq 500,ERP132388,PRJEB48068,,1027201,ERS12014470,SAMEA14409691,simple,562,Escherichia coli,31711DL062_isolate,,,,,,,no,,,,,LOUGHBOROUGH UNIVERSITY,ERA14570248,,public,04D998904431622D02DF1D7C5ADBB7B7,3BC5184E3B2F3A9AD7CACFC5072BBEF7
ERR9752792,2023-10-10 16:21:18,2023-10-12 08:53:49,1196631,349447218,1196631,292,88,,https://sra-downloadb.be-md.ncbi.nlm.nih.gov/sos1/sra-pub-zq-38/ERR009/9752/ERR9752792/ERR9752792.lite.1,ERX9300639,,OTHER,RANDOM,GENOMIC,PAIRED,0,0,ILLUMINA,NextSeq 500,ERP132388,PRJEB48068,,1027201,ERS12014470,SAMEA14409691,simple,562,Escherichia coli,31711DL062_isolate,,,,,,,no,,,,,LOUGHBOROUGH UNIVERSITY,ERA14571891,,public,A24EE5D57438880AA441837548272268,FBC1038DE267C6D30A3A1064EA621974
ERR9752697,2023-10-10 08:24:34,2023-10-12 03:30:42,2548279,717674373,2548279,281,183,,https://sra-downloadb.be-md.ncbi.nlm.nih.gov/sos1/sra-pub-zq-38/ERR009/9752/ERR9752697/ERR9752697.lite.1,ERX9300544,,OTHER,RANDOM,GENOMIC,PAIRED,0,0,ILLUMINA,NextSeq 500,ERP132388,PRJEB48068,,1027201,ERS12014414,SAMEA14409635,simple,562,Escherichia coli,111011TR010_isolate,,,,,,,no,,,,,LOUGHBOROUGH UNIVERSITY,ERA14553809,,public,4ACA825E0CDE412632A63852ABECA83F,13CC09FF276131E103B8B07DC65B4AC0
ERR9752703,2023-10-10 07:46:38,2023-10-11 23:08:09,3174689,904554762,3174689,284,230,,https://sra-downloadb.be-md.ncbi.nlm.nih.gov/sos1/sra-pub-zq-38/ERR009/9752/ERR9752703/ERR9752703.lite.1,ERX9300550,,OTHER,RANDOM,GENOMIC,PAIRED,0,0,ILLUMINA,NextSeq 500,ERP132388,PRJEB48068,,1027201,ERS12014415,SAMEA14409636,simple,562,Escherichia coli,111211TR010_isolate,,,,,,,no,,,,,LOUGHBOROUGH UNIVERSITY,ERA14554106,,public,5EE6FBFADD2B3E1C8780CB1905808628,FB8681FBA61CA005B53C056FDF4CF8A8
ERR9752508,2023-10-10 08:11:58,2023-10-11 23:10:03,2782269,808031969,2782269,290,204,,https://sra-downloadb.be-md.ncbi.nlm.nih.gov/sos1/sra-pub-zq-38/ERR009/9752/ERR9752508/ERR9752508.lite.1,ERX9300355,,OTHER,RANDOM,GENOMIC,PAIRED,0,0,ILLUMINA,NextSeq 500,ERP132388,PRJEB48068,,1027201,ERS12014418,SAMEA14409639,simple,562,Escherichia coli,11411TR006_isolate,,,,,,,no,,,,,LOUGHBOROUGH UNIVERSITY,ERA14546030,,public,38A45228434A76AF9D2E1E9AECA5508E,559DB788A6D9030417CDD03C66D506FC
ERR9744981,2023-10-10 07:37:02,2023-10-11 23:05:11,1281807,365705813,1281807,285,92,,https://sra-downloadb.be-md.ncbi.nlm.nih.gov/sos1/sra-pub-zq-38/ERR009/9744/ERR9744981/ERR9744981.lite.1,ERX9293471,,OTHER,RANDOM,GENOMIC,PAIRED,0,0,ILLUMINA,NextSeq 500,ERP132388,PRJEB48068,,1027201,ERS12014358,SAMEA14409579,simple,562,Escherichia coli,11612TR110_isolate,,,,,,,no,,,,,LOUGHBOROUGH UNIVERSITY,ERA14480329,,public,7F44C3EF86D213B567C41F662CAA219D,F5CED2B6CCC6476AE1EB0BC33B26AD9A
ERR9752644,2023-10-10 07:37:02,2023-10-11 23:02:59,2793271,797062775,2793271,285,203,,https://sra-downloadb.be-md.ncbi.nlm.nih.gov/sos1/sra-pub-zq-38/ERR009/9752/ERR9752644/ERR9752644.lite.1,ERX9300491,,OTHER,RANDOM,GENOMIC,PAIRED,0,0,ILLUMINA,NextSeq 500,ERP132388,PRJEB48068,,1027201,ERS12014430,SAMEA14409651,simple,562,Escherichia coli,121211TR019_isolate,,,,,,,no,,,,,LOUGHBOROUGH UNIVERSITY,ERA14550073,,public,9C2E19132F86B7879C3C54C070A43FD5,F5D12B1BB065483351F4B2396131D650
ERR9751068,2023-10-10 08:11:58,2023-10-11 23:08:22,5266628,1507242889,5266628,286,382,,https://sra-downloadb.be-md.ncbi.nlm.nih.gov/sos1/sra-pub-zq-38/ERR009/9751/ERR9751068/ERR9751068.lite.1,ERX9298922,,OTHER,RANDOM,GENOMIC,PAIRED,0,0,ILLUMINA,NextSeq 500,ERP132388,PRJEB48068,,1027201,ERS12014432,SAMEA14409653,simple,562,Escherichia coli,12411TR019_isolate,,,,,,,no,,,,,LOUGHBOROUGH UNIVERSITY,ERA14539217,,public,4FAE30FC266AFF1BB873B1A09B797902,CA8DD08ADCA4334800CB0FC9F12E3771
ERR9744978,2023-10-10 08:39:39,2023-10-12 03:38:28,1399518,398351973,1399518,284,100,,https://sra-downloadb.be-md.ncbi.nlm.nih.gov/sos1/sra-pub-zq-38/ERR009/9744/ERR9744978/ERR9744978.lite.1,ERX9293468,,OTHER,RANDOM,GENOMIC,PAIRED,0,0,ILLUMINA,NextSeq 500,ERP132388,PRJEB48068,,1027201,ERS12014363,SAMEA14409584,simple,562,Escherichia coli,12412TR111_isolate,,,,,,,no,,,,,LOUGHBOROUGH UNIVERSITY,ERA14478900,,public,B8033485174DDB7953DB306755F805A4,D065333ECDB25A51A88F62369525FA3F
ERR9744977,2023-10-10 16:12:07,2023-10-12 07:22:04,1408950,401323880,1408950,284,101,,https://sra-downloadb.be-md.ncbi.nlm.nih.gov/sos1/sra-pub-zq-38/ERR009/9744/ERR9744977/ERR9744977.lite.1,ERX9293467,,OTHER,RANDOM,GENOMIC,PAIRED,0,0,ILLUMINA,NextSeq 500,ERP132388,PRJEB48068,,1027201,ERS12014363,SAMEA14409584,simple,562,Escherichia coli,12412TR111_isolate,,,,,,,no,,,,,LOUGHBOROUGH UNIVERSITY,ERA14478067,,public,4F479843BAD928C3A4C69E938FCB63CE,948BA2309DDEBD88AD4EE22261EFBE77
ERR9752723,2023-10-10 08:39:39,2023-10-12 03:38:40,2958124,845999168,2958124,285,215,,https://sra-downloadb.be-md.ncbi.nlm.nih.gov/sos1/sra-pub-zq-38/ERR009/9752/ERR9752723/ERR9752723.lite.1,ERX9300570,,OTHER,RANDOM,GENOMIC,PAIRED,0,0,ILLUMINA,NextSeq 500,ERP132388,PRJEB48068,,1027201,ERS12014364,SAMEA14409585,simple,562,Escherichia coli,12412TR113_isolate,,,,,,,no,,,,,LOUGHBOROUGH UNIVERSITY,ERA14556241,,public,9C110B712C08FBFEFC2290DC3B408266,1CB1C67D0D3D89C17E2640B6773A6379
ERR9745013,2023-10-10 08:11:58,2023-10-11 23:08:30,1139500,325093796,1139500,285,82,,https://sra-downloadb.be-md.ncbi.nlm.nih.gov/sos1/sra-pub-zq-38/ERR009/9745/ERR9745013/ERR9745013.lite.1,ERX9293503,,OTHER,RANDOM,GENOMIC,PAIRED,0,0,ILLUMINA,NextSeq 500,ERP132388,PRJEB48068,,1027201,ERS12014366,SAMEA14409587,simple,562,Escherichia coli,12512TR113_isolate,,,,,,,no,,,,,LOUGHBOROUGH UNIVERSITY,ERA14486868,,public,93987FBCCE8A3DB92964AA97201B5875,25BBA7FC5984D1BCE0993F9BB412CC46
ERR9745011,2023-10-10 07:46:38,2023-10-11 23:06:32,1137225,323579293,1137225,284,81,,https://sra-downloadb.be-md.ncbi.nlm.nih.gov/sos1/sra-pub-zq-38/ERR009/9745/ERR9745011/ERR9745011.lite.1,ERX9293501,,OTHER,RANDOM,GENOMIC,PAIRED,0,0,ILLUMINA,NextSeq 500,ERP132388,PRJEB48068,,1027201,ERS12014366,SAMEA14409587,simple,562,Escherichia coli,12512TR113_isolate,,,,,,,no,,,,,LOUGHBOROUGH UNIVERSITY,ERA14486582,,public,8456735CD4C9E467818280DA46A633AC,C3C01E9EC72204C10D71998DA84AFB4C
ERR9752681,2023-10-10 08:24:34,2023-10-12 03:19:06,3242385,917495946,3242385,282,234,,https://sra-downloadb.be-md.ncbi.nlm.nih.gov/sos1/sra-pub-zq-38/ERR009/9752/ERR9752681/ERR9752681.lite.1,ERX9300528,,OTHER,RANDOM,GENOMIC,PAIRED,0,0,ILLUMINA,NextSeq 500,ERP132388,PRJEB48068,,1027201,ERS12014435,SAMEA14409656,simple,562,Escherichia coli,12611TR011_isolate,,,,,,,no,,,,,LOUGHBOROUGH UNIVERSITY,ERA14552478,,public,0FB882BB71A6C7099CB8D4E61F2CB77E,8D8D4635095C0264829CC421E5BA8D39
ERR9744437,2023-10-10 08:39:39,2023-10-12 03:45:43,1672324,468537439,1672324,280,118,,https://sra-downloadb.be-md.ncbi.nlm.nih.gov/sos1/sra-pub-zq-38/ERR009/9744/ERR9744437/ERR9744437.lite.1,ERX9292927,,OTHER,RANDOM,GENOMIC,PAIRED,0,0,ILLUMINA,NextSeq 500,ERP132388,PRJEB48068,,1027201,ERS12014437,SAMEA14409658,simple,562,Escherichia coli,12611TR016_isolate,,,,,,,no,,,,,LOUGHBOROUGH UNIVERSITY,ERA14462662,,public,660BACC3395A361223147B8CE984C556,067BD3B943AC18E8D30106A897F1707F
ERR9745529,2023-10-10 16:07:00,2023-10-12 23:48:44,1259230,359020515,1259230,285,90,,https://sra-downloadb.be-md.ncbi.nlm.nih.gov/sos1/sra-pub-zq-38/ERR009/9745/ERR9745529/ERR9745529.lite.1,ERX9293509,,OTHER,RANDOM,GENOMIC,PAIRED,0,0,ILLUMINA,NextSeq 500,ERP132388,PRJEB48068,,1027201,ERS12014367,SAMEA14409588,simple,562,Escherichia coli,12612TR111_isolate,,,,,,,no,,,,,LOUGHBOROUGH UNIVERSITY,ERA14488093,,public,039BCAF5B65388F2949C37223F184B74,BCDCCD7CBD72099B4CE14BD1E7036AF1
ERR9745534,2023-10-10 07:46:38,2023-10-11 23:06:22,1306184,372522541,1306184,285,94,,https://sra-downloadb.be-md.ncbi.nlm.nih.gov/sos1/sra-pub-zq-38/ERR009/9745/ERR9745534/ERR9745534.lite.1,ERX9293514,,OTHER,RANDOM,GENOMIC,PAIRED,0,0,ILLUMINA,NextSeq 500,ERP132388,PRJEB48068,,1027201,ERS12014368,SAMEA14409589,simple,562,Escherichia coli,12612TR112_isolate,,,,,,,no,,,,,LOUGHBOROUGH UNIVERSITY,ERA14488797,,public,A304D5468DF121FB35EEF4BA7986071E,2DE0A8002EF01F69A7AA31479EDFA80D
ERR9745885,2023-10-10 07:37:02,2023-10-11 23:04:06,1396130,393038933,1396130,281,99,,https://sra-downloadb.be-md.ncbi.nlm.nih.gov/sos1/sra-pub-zq-38/ERR009/9745/ERR9745885/ERR9745885.lite.1,ERX9293865,,OTHER,RANDOM,GENOMIC,PAIRED,0,0,ILLUMINA,NextSeq 500,ERP132388,PRJEB48068,,1027201,ERS12014369,SAMEA14409590,simple,562,Escherichia coli,12612TR113_isolate,,,,,,,no,,,,,LOUGHBOROUGH UNIVERSITY,ERA14489997,,public,251C8CAFE9624DA655F10D3705E4857B,DF7CB78FC7F1302A1952261681E5CF0F
ERR9744333,2023-10-10 08:39:39,2023-10-12 03:53:42,1575372,445608256,1575372,282,112,,https://sra-downloadb.be-md.ncbi.nlm.nih.gov/sos1/sra-pub-zq-38/ERR009/9744/ERR9744333/ERR9744333.lite.1,ERX9292805,,OTHER,RANDOM,GENOMIC,PAIRED,0,0,ILLUMINA,NextSeq 500,ERP132388,PRJEB48068,,1027201,ERS12014440,SAMEA14409661,simple,562,Escherichia coli,211011TF025_isolate,,,,,,,no,,,,,LOUGHBOROUGH UNIVERSITY,ERA14457902,,public,2A2D306873F2559388D6E83449981495,C1E599479A3086655230C1ED44F9B2B5
ERR9744329,2023-10-10 08:24:34,2023-10-12 03:30:08,1596448,451376635,1596448,282,114,,https://sra-downloadb.be-md.ncbi.nlm.nih.gov/sos1/sra-pub-zq-38/ERR009/9744/ERR9744329/ERR9744329.lite.1,ERX9292801,,OTHER,RANDOM,GENOMIC,PAIRED,0,0,ILLUMINA,NextSeq 500,ERP132388,PRJEB48068,,1027201,ERS12014440,SAMEA14409661,simple,562,Escherichia coli,211011TF025_isolate,,,,,,,no,,,,,LOUGHBOROUGH UNIVERSITY,ERA14457466,,public,36E500DA691453EDF58BEDC661265BBF,A681BA974F9BDFB8D05490A6B583E82A
ERR9744342,2023-10-10 08:24:34,2023-10-12 03:35:17,1275367,361415909,1275367,283,91,,https://sra-downloadb.be-md.ncbi.nlm.nih.gov/sos1/sra-pub-zq-38/ERR009/9744/ERR9744342/ERR9744342.lite.1,ERX9292814,,OTHER,RANDOM,GENOMIC,PAIRED,0,0,ILLUMINA,NextSeq 500,ERP132388,PRJEB48068,,1027201,ERS12014441,SAMEA14409662,simple,562,Escherichia coli,211011TF029_isolate,,,,,,,no,,,,,LOUGHBOROUGH UNIVERSITY,ERA14459106,,public,1D7F4969105482643D72757570D79283,9951EB4114A404D90B84D3E9FA433CDC
ERR9744607,2023-10-10 08:06:22,2023-10-11 23:07:27,1653334,466392756,1653334,282,118,,https://sra-downloadb.be-md.ncbi.nlm.nih.gov/sos1/sra-pub-zq-38/ERR009/9744/ERR9744607/ERR9744607.lite.1,ERX9293097,,OTHER,RANDOM,GENOMIC,PAIRED,0,0,ILLUMINA,NextSeq 500,ERP132388,PRJEB48068,,1027201,ERS12014445,SAMEA14409666,simple,562,Escherichia coli,21411TF029_isolate,,,,,,,no,,,,,LOUGHBOROUGH UNIVERSITY,ERA14467518,,public,5F22069BB8823EAC9DC7CFB4C0CAC8DB,89C4277E8DD1622D9AD5C56581C61FCD
ERR9744961,2023-10-10 07:37:02,2023-10-11 23:03:52,1848409,510434327,1848409,276,129,,https://sra-downloadb.be-md.ncbi.nlm.nih.gov/sos1/sra-pub-zq-38/ERR009/9744/ERR9744961/ERR9744961.lite.1,ERX9293451,,OTHER,RANDOM,GENOMIC,PAIRED,0,0,ILLUMINA,NextSeq 500,ERP132388,PRJEB48068,,1027201,ERS12014446,SAMEA14409667,simple,562,Escherichia coli,21411TF037_isolate,,,,,,,no,,,,,LOUGHBOROUGH UNIVERSITY,ERA14470382,,public,412A3447E65EAF0286087F7F0308D8D6,4ED1BBBA0E8404BA0E417AF22C517F17
ERR9744958,2023-10-10 16:12:07,2023-10-12 08:50:34,1870146,515822319,1870146,275,131,,https://sra-downloadb.be-md.ncbi.nlm.nih.gov/sos1/sra-pub-zq-38/ERR009/9744/ERR9744958/ERR9744958.lite.1,ERX9293448,,OTHER,RANDOM,GENOMIC,PAIRED,0,0,ILLUMINA,NextSeq 500,ERP132388,PRJEB48068,,1027201,ERS12014446,SAMEA14409667,simple,562,Escherichia coli,21411TF037_isolate,,,,,,,no,,,,,LOUGHBOROUGH UNIVERSITY,ERA14468418,,public,50C07E2B06715F8DA49ACBE6C220C8F1,4D0C98833D0A3EE02A96A6E9D0654148
ERR9744969,2023-10-10 07:37:02,2023-10-11 23:04:47,1624185,457241394,1624185,281,115,,https://sra-downloadb.be-md.ncbi.nlm.nih.gov/sos1/sra-pub-zq-38/ERR009/9744/ERR9744969/ERR9744969.lite.1,ERX9293459,,OTHER,RANDOM,GENOMIC,PAIRED,0,0,ILLUMINA,NextSeq 500,ERP132388,PRJEB48068,,1027201,ERS12014447,SAMEA14409668,simple,562,Escherichia coli,21511TF025_isolate,,,,,,,no,,,,,LOUGHBOROUGH UNIVERSITY,ERA14473303,,public,FE232C8821F9BF9331B3A2EDDB82C600,049B83A1BEBD9C6B3C1EE497A4EA3DA3
ERR9752730,2023-10-10 08:39:39,2023-10-12 03:46:34,3270917,934383004,3270917,285,238,,https://sra-downloadb.be-md.ncbi.nlm.nih.gov/sos1/sra-pub-zq-38/ERR009/9752/ERR9752730/ERR9752730.lite.1,ERX9300577,,OTHER,RANDOM,GENOMIC,PAIRED,0,0,ILLUMINA,NextSeq 500,ERP132388,PRJEB48068,,1027201,ERS12014377,SAMEA14409598,simple,562,Escherichia coli,21512TF122_isolate,,,,,,,no,,,,,LOUGHBOROUGH UNIVERSITY,ERA14556983,,public,815700F740C2A29848381741232F7C1D,78806EC62BDC6D60AE1CF2D63DCB7229
ERR9744458,2023-10-10 08:39:39,2023-10-12 03:53:17,1600103,451336030,1600103,282,114,,https://sra-downloadb.be-md.ncbi.nlm.nih.gov/sos1/sra-pub-zq-38/ERR009/9744/ERR9744458/ERR9744458.lite.1,ERX9292948,,OTHER,RANDOM,GENOMIC,PAIRED,0,0,ILLUMINA,NextSeq 500,ERP132388,PRJEB48068,,1027201,ERS12014451,SAMEA14409672,simple,562,Escherichia coli,21611TF025_isolate,,,,,,,no,,,,,LOUGHBOROUGH UNIVERSITY,ERA14463550,,public,E43C88AB4DC174492385A7BEA83F9C7C,19C609ED500FCFF00461A1A01D3BE1B1
ERR9744577,2023-10-10 08:24:34,2023-10-12 03:23:58,1715259,480768949,1715259,280,121,,https://sra-downloadb.be-md.ncbi.nlm.nih.gov/sos1/sra-pub-zq-38/ERR009/9744/ERR9744577/ERR9744577.lite.1,ERX9293067,,OTHER,RANDOM,GENOMIC,PAIRED,0,0,ILLUMINA,NextSeq 500,ERP132388,PRJEB48068,,1027201,ERS12014459,SAMEA14409680,simple,562,Escherichia coli,311011DL070_isolate,,,,,,,no,,,,,LOUGHBOROUGH UNIVERSITY,ERA14466199,,public,97AF880764CB1CB3B9815A4DD0716A9D,1F65CF0039D1291C1D05CAE9AAAF5702
ERR9744989,2023-10-10 07:37:02,2023-10-12 23:46:44,1298202,369120146,1298202,284,93,,https://sra-downloadb.be-md.ncbi.nlm.nih.gov/sos1/sra-pub-zq-38/ERR009/9744/ERR9744989/ERR9744989.lite.1,ERX9293479,,OTHER,RANDOM,GENOMIC,PAIRED,0,0,ILLUMINA,NextSeq 500,ERP132388,PRJEB48068,,1027201,ERS12014389,SAMEA14409610,simple,562,Escherichia coli,311012DL182_isolate,,,,,,,no,,,,,LOUGHBOROUGH UNIVERSITY,ERA14483100,,public,7747BB1F6ED9B08D2D184D70A91986CF,EB09573B2291FE8399DDC1E642127722
ERR9743440,2023-10-10 08:39:39,2023-10-12 03:51:52,1563183,440519917,1563183,281,111,,https://sra-downloadb.be-md.ncbi.nlm.nih.gov/sos1/sra-pub-zq-38/ERR009/9743/ERR9743440/ERR9743440.lite.1,ERX9291913,,OTHER,RANDOM,GENOMIC,PAIRED,0,0,ILLUMINA,NextSeq 500,ERP132388,PRJEB48068,,1027201,ERS12014462,SAMEA14409683,simple,562,Escherichia coli,311311DL069_isolate,,,,,,,no,,,,,LOUGHBOROUGH UNIVERSITY,ERA14454846,,public,F617A82175FDF731EE94C3CCD77E5B8A,10BC3AC84F6D79E3BD341E7DB21829D9
ERR9745897,2023-10-10 08:24:34,2023-10-12 03:36:02,1308334,372137642,1308334,284,94,,https://sra-downloadb.be-md.ncbi.nlm.nih.gov/sos1/sra-pub-zq-38/ERR009/9745/ERR9745897/ERR9745897.lite.1,ERX9293877,,OTHER,RANDOM,GENOMIC,PAIRED,0,0,ILLUMINA,NextSeq 500,ERP132388,PRJEB48068,,1027201,ERS12014394,SAMEA14409615,simple,562,Escherichia coli,311312DL182_isolate,,,,,,,no,,,,,LOUGHBOROUGH UNIVERSITY,ERA14491882,,public,95A8C6BA996598C05E3768F29EFA7549,294CF396F55B246AC499B7A149E10877
ERR9745899,2023-10-10 08:48:59,2023-10-12 04:02:18,1285767,365117339,1285767,283,92,,https://sra-downloadb.be-md.ncbi.nlm.nih.gov/sos1/sra-pub-zq-38/ERR009/9745/ERR9745899/ERR9745899.lite.1,ERX9293879,,OTHER,RANDOM,GENOMIC,PAIRED,0,0,ILLUMINA,NextSeq 500,ERP132388,PRJEB48068,,1027201,ERS12014394,SAMEA14409615,simple,562,Escherichia coli,311312DL182_isolate,,,,,,,no,,,,,LOUGHBOROUGH UNIVERSITY,ERA14492195,,public,3B5BD5EAF6D20D43D98FCA302B50A6A0,AE7275ECD61AAE61200AD49DD02B1339
ERR9745902,2023-10-10 16:07:00,2023-10-12 05:46:10,1264797,358766942,1264797,283,90,,https://sra-downloadb.be-md.ncbi.nlm.nih.gov/sos1/sra-pub-zq-38/ERR009/9745/ERR9745902/ERR9745902.lite.1,ERX9293882,,OTHER,RANDOM,GENOMIC,PAIRED,0,0,ILLUMINA,NextSeq 500,ERP132388,PRJEB48068,,1027201,ERS12014395,SAMEA14409616,simple,562,Escherichia coli,311312DL187_isolate,,,,,,,no,,,,,LOUGHBOROUGH UNIVERSITY,ERA14492535,,public,3BEE96D78A815DA96CD9176B7DD2A173,2C58AFD3CAF77F3FE778634A35DACA96
ERR9745901,2023-10-10 08:48:59,2023-10-12 04:00:17,1251968,353856507,1251968,282,89,,https://sra-downloadb.be-md.ncbi.nlm.nih.gov/sos1/sra-pub-zq-38/ERR009/9745/ERR9745901/ERR9745901.lite.1,ERX9293881,,OTHER,RANDOM,GENOMIC,PAIRED,0,0,ILLUMINA,NextSeq 500,ERP132388,PRJEB48068,,1027201,ERS12014395,SAMEA14409616,simple,562,Escherichia coli,311312DL187_isolate,,,,,,,no,,,,,LOUGHBOROUGH UNIVERSITY,ERA14492394,,public,B3129AD425755A63A702DD71B33565CC,FF165F3350664CB544B724D6438C07E6
ERR9745906,2023-10-10 08:24:34,2023-10-12 03:21:47,1477678,418826700,1477678,283,106,,https://sra-downloadb.be-md.ncbi.nlm.nih.gov/sos1/sra-pub-zq-38/ERR009/9745/ERR9745906/ERR9745906.lite.1,ERX9293886,,OTHER,RANDOM,GENOMIC,PAIRED,0,0,ILLUMINA,NextSeq 500,ERP132388,PRJEB48068,,1027201,ERS12014396,SAMEA14409617,simple,562,Escherichia coli,311312DL188_isolate,,,,,,,no,,,,,LOUGHBOROUGH UNIVERSITY,ERA14492924,,public,39427D0839DD6EC43D6FDA3BF5A6A46C,08703F6D29CB4E980562FB5B435524CB
ERR9970205,2023-10-10 07:46:38,2023-10-11 23:07:00,859397,250654628,859397,291,63,,https://sra-downloadb.be-md.ncbi.nlm.nih.gov/sos1/sra-pub-zq-38/ERR009/9970/ERR9970205/ERR9970205.lite.1,ERX9511915,,OTHER,RANDOM,GENOMIC,PAIRED,0,0,ILLUMINA,NextSeq 500,ERP132388,PRJEB48068,,1027201,ERS12468005,SAMEA110369808,simple,562,Escherichia coli,311512DL187_isolate,,,,,,,no,,,,,LOUGHBOROUGH UNIVERSITY,ERA16480847,,public,87F102A3A419EBCDC5EFDE434AB0DC55,A0ED8472D2C759E7D53643A10B01D2C0
ERR9744322,2023-10-10 08:48:59,2023-10-12 04:00:11,1775745,499880749,1775745,281,126,,https://sra-downloadb.be-md.ncbi.nlm.nih.gov/sos1/sra-pub-zq-38/ERR009/9744/ERR9744322/ERR9744322.lite.1,ERX9292794,,OTHER,RANDOM,GENOMIC,PAIRED,0,0,ILLUMINA,NextSeq 500,ERP132388,PRJEB48068,,1027201,ERS12014464,SAMEA14409685,simple,562,Escherichia coli,312021DL061_isolate,,,,,,,no,,,,,LOUGHBOROUGH UNIVERSITY,ERA14456235,,public,E0B90CD3DCC5AF3B12CB36CA79612FB4,AB0B219A280F92C0B38724049355582E
ERR9744325,2023-10-10 16:12:07,2023-10-12 07:14:59,1767358,498773603,1767358,282,126,,https://sra-downloadb.be-md.ncbi.nlm.nih.gov/sos1/sra-pub-zq-38/ERR009/9744/ERR9744325/ERR9744325.lite.1,ERX9292797,,OTHER,RANDOM,GENOMIC,PAIRED,0,0,ILLUMINA,NextSeq 500,ERP132388,PRJEB48068,,1027201,ERS12014464,SAMEA14409685,simple,562,Escherichia coli,312021DL061_isolate,,,,,,,no,,,,,LOUGHBOROUGH UNIVERSITY,ERA14456728,,public,B380EBD1C0ABB15D45F58A1A1CE2F187,BB614C8035AE8E50BC7422B65451C99B
ERR9970208,2023-10-10 07:30:48,2023-10-11 23:02:37,644070,185627929,644070,288,46,,https://sra-downloadb.be-md.ncbi.nlm.nih.gov/sos1/sra-pub-zq-38/ERR009/9970/ERR9970208/ERR9970208.lite.1,ERX9511918,,OTHER,RANDOM,GENOMIC,PAIRED,0,0,ILLUMINA,NextSeq 500,ERP132388,PRJEB48068,,1027201,ERS12468006,SAMEA110369809,simple,562,Escherichia coli,312021DL084_isolate,,,,,,,no,,,,,LOUGHBOROUGH UNIVERSITY,ERA16480850,,public,2EF54B0929B9DD65E1AD6B6CFDBB48FD,241DE9A0181A5B812274C5DD507FC0C6
ERR9970207,2023-10-10 08:48:59,2023-10-12 03:59:24,631998,182007519,631998,287,46,,https://sra-downloadb.be-md.ncbi.nlm.nih.gov/sos1/sra-pub-zq-38/ERR009/9970/ERR9970207/ERR9970207.lite.1,ERX9511917,,OTHER,RANDOM,GENOMIC,PAIRED,0,0,ILLUMINA,NextSeq 500,ERP132388,PRJEB48068,,1027201,ERS12468006,SAMEA110369809,simple,562,Escherichia coli,312021DL084_isolate,,,,,,,no,,,,,LOUGHBOROUGH UNIVERSITY,ERA16480849,,public,128A17C313BBCE8F20D99DD0836038A0,F9475C1D9D708B688152D923BE5FE1F2
ERR9970939,2023-10-10 07:46:38,2023-10-11 23:06:28,729384,208547117,729384,285,52,,https://sra-downloadb.be-md.ncbi.nlm.nih.gov/sos1/sra-pub-zq-38/ERR009/9970/ERR9970939/ERR9970939.lite.1,ERX9511947,,OTHER,RANDOM,GENOMIC,PAIRED,0,0,ILLUMINA,NextSeq 500,ERP132388,PRJEB48068,,1027201,ERS12468007,SAMEA110369810,simple,562,Escherichia coli,31312DL182_isolate,,,,,,,no,,,,,LOUGHBOROUGH UNIVERSITY,ERA16480856,,public,DC92A9D201284F44FDB5B9D81646D4DF,793C45B701E59DD6EFDF7B295582BB4F
ERR9751712,2023-10-10 07:37:02,2023-10-11 23:05:24,4568195,1312032143,4568195,287,332,,https://sra-downloadb.be-md.ncbi.nlm.nih.gov/sos1/sra-pub-zq-38/ERR009/9751/ERR9751712/ERR9751712.lite.1,ERX9299559,,OTHER,RANDOM,GENOMIC,PAIRED,0,0,ILLUMINA,NextSeq 500,ERP132388,PRJEB48068,,1027201,ERS12014465,SAMEA14409686,simple,562,Escherichia coli,31411DL061_isolate,,,,,,,no,,,,,LOUGHBOROUGH UNIVERSITY,ERA14540973,,public,1FEACAA12F79D5BA2F95DAB72859CAF1,30B21AD6D17905CC145B026DB6625A0D
ERR9751927,2023-10-10 16:07:00,2023-10-12 05:49:53,4388509,1265046515,4388509,288,320,,https://sra-downloadb.be-md.ncbi.nlm.nih.gov/sos1/sra-pub-zq-38/ERR009/9751/ERR9751927/ERR9751927.lite.1,ERX9299774,,OTHER,RANDOM,GENOMIC,PAIRED,0,0,ILLUMINA,NextSeq 500,ERP132388,PRJEB48068,,1027201,ERS12014466,SAMEA14409687,simple,562,Escherichia coli,31411DL067_isolate,,,,,,,no,,,,,LOUGHBOROUGH UNIVERSITY,ERA14541974,,public,6E46FC69D9F74855208BF98BDAC5CF62,41057DCB4744118867347D5917CCE865
ERR9748053,2023-10-10 07:37:02,2023-10-11 23:04:57,3286827,954088970,3286827,290,241,,https://sra-downloadb.be-md.ncbi.nlm.nih.gov/sos1/sra-pub-zq-38/ERR009/9748/ERR9748053/ERR9748053.lite.1,ERX9296007,,OTHER,RANDOM,GENOMIC,PAIRED,0,0,ILLUMINA,NextSeq 500,ERP132388,PRJEB48068,,1027201,ERS12014468,SAMEA14409689,simple,562,Escherichia coli,31411DL081_isolate,,,,,,,no,,,,,LOUGHBOROUGH UNIVERSITY,ERA14536204,,public,251EAD52876667A6DF808FA9A7EB766B,86471B38C46283DDDF4C0E654D065902
ERR9970947,2023-10-10 16:07:00,2023-10-12 06:30:05,853555,248976827,853555,291,62,,https://sra-downloadb.be-md.ncbi.nlm.nih.gov/sos1/sra-pub-zq-38/ERR009/9970/ERR9970947/ERR9970947.lite.1,ERX9511955,,OTHER,RANDOM,GENOMIC,PAIRED,0,0,ILLUMINA,NextSeq 500,ERP132388,PRJEB48068,,1027201,ERS12468009,SAMEA110369812,simple,562,Escherichia coli,31412DL185_isolate,,,,,,,no,,,,,LOUGHBOROUGH UNIVERSITY,ERA16480865,,public,53FB5B80A893595E2D7EB5E9FB62509B,76A3FFFA12D14DDCD9EBE5D310EA10A6
ERR9752791,2023-10-10 08:11:58,2023-10-11 23:09:46,1170468,341743949,1170468,291,86,,https://sra-downloadb.be-md.ncbi.nlm.nih.gov/sos1/sra-pub-zq-38/ERR009/9752/ERR9752791/ERR9752791.lite.1,ERX9300638,,OTHER,RANDOM,GENOMIC,PAIRED,0,0,ILLUMINA,NextSeq 500,ERP132388,PRJEB48068,,1027201,ERS12014470,SAMEA14409691,simple,562,Escherichia coli,31711DL062_isolate,,,,,,,no,,,,,LOUGHBOROUGH UNIVERSITY,ERA14571048,,public,AC4316A29D044430F105BB42B6FA63CC,E103DB301B7532F38CBCE3369D26E7C7
ERR9966531,2023-10-10 08:19:59,2023-10-12 03:16:16,893531,255233288,893531,285,64,,https://sra-downloadb.be-md.ncbi.nlm.nih.gov/sos1/sra-pub-zq-38/ERR009/9966/ERR9966531/ERR9966531.lite.1,ERX9508308,,OTHER,RANDOM,GENOMIC,PAIRED,0,0,ILLUMINA,NextSeq 500,ERP132388,PRJEB48068,,1027201,ERS12468011,SAMEA110369814,simple,562,Escherichia coli,31712DL183_isolate,,,,,,,no,,,,,LOUGHBOROUGH UNIVERSITY,ERA16476811,,public,1C30F893EF052FE99FAA0473E24A7EEF,FBECCB015F1D1B704FF940F467A06507
ERR9751929,2023-10-10 07:37:02,2023-10-11 23:05:47,3497373,1011805091,3497373,289,256,,https://sra-downloadb.be-md.ncbi.nlm.nih.gov/sos1/sra-pub-zq-38/ERR009/9751/ERR9751929/ERR9751929.lite.1,ERX9299776,,OTHER,RANDOM,GENOMIC,PAIRED,0,0,ILLUMINA,NextSeq 500,ERP132388,PRJEB48068,,1027201,ERS12014408,SAMEA14409629,simple,562,Escherichia coli,31712DL190_isolate,,,,,,,no,,,,,LOUGHBOROUGH UNIVERSITY,ERA14542100,,public,9AC8AA1161C01D55A2A3C1D242A480BE,DE41370BE0DE64DB373CD7FCD42D9669
